id,price
0,2.0
1,2.0
2,3.0
3,3.0
4,2.0
5,1.0
6,1.0
7,4.0
8,3.0
9,0.0
10,0.0
11,3.0
12,0.0
13,1.0
14,2.0
15,0.0
16,0.0
17,2.0
18,1.0
19,1.0
20,3.0
21,0.0
22,0.0
23,0.0
24,2.0
25,0.0
26,2.0
27,2.0
28,3.0
29,4.0
30,1.0
31,1.0
32,2.0
33,4.0
34,2.0
35,1.0
36,0.0
37,0.0
38,1.0
39,3.0
40,2.0
41,1.0
42,0.0
43,3.0
44,0.0
45,1.0
46,2.0
47,0.0
48,0.0
49,2.0
50,1.0
51,0.0
52,3.0
53,3.0
54,2.0
55,1.0
56,1.0
57,2.0
58,2.0
59,0.0
60,3.0
61,1.0
62,0.0
63,3.0
64,2.0
65,1.0
66,1.0
67,2.0
68,2.0
69,1.0
70,1.0
71,1.0
72,1.0
73,1.0
74,0.0
75,2.0
76,0.0
77,1.0
78,4.0
79,0.0
80,0.0
81,0.0
82,3.0
83,2.0
84,1.0
85,0.0
86,3.0
87,1.0
88,2.0
89,0.0
90,0.0
91,3.0
92,3.0
93,3.0
94,0.0
95,1.0
96,1.0
97,1.0
98,2.0
99,1.0
100,0.0
101,3.0
102,2.0
103,1.0
104,0.0
105,2.0
106,0.0
107,0.0
108,3.0
109,0.0
110,3.0
111,3.0
112,0.0
113,2.0
114,0.0
115,3.0
116,0.0
117,2.0
118,1.0
119,0.0
120,3.0
121,0.0
122,0.0
123,3.0
124,3.0
125,3.0
126,2.0
127,0.0
128,4.0
129,2.0
130,3.0
131,1.0
132,1.0
133,0.0
134,2.0
135,2.0
136,2.0
137,0.0
138,3.0
139,1.0
140,0.0
141,1.0
142,3.0
143,3.0
144,1.0
145,3.0
146,1.0
147,1.0
148,1.0
149,2.0
150,2.0
151,2.0
152,2.0
153,2.0
154,0.0
155,1.0
156,0.0
157,2.0
158,1.0
159,0.0
160,1.0
161,1.0
162,1.0
163,0.0
164,2.0
165,0.0
166,2.0
167,4.0
168,2.0
169,2.0
170,1.0
171,3.0
172,2.0
173,1.0
174,0.0
175,3.0
176,3.0
177,1.0
178,4.0
179,2.0
180,1.0
181,1.0
182,2.0
183,2.0
184,1.0
185,3.0
186,0.0
187,2.0
188,1.0
189,3.0
190,3.0
191,1.0
192,0.0
193,0.0
194,2.0
195,2.0
196,0.0
197,1.0
198,0.0
199,2.0
200,2.0
201,0.0
202,0.0
203,1.0
204,2.0
205,2.0
206,3.0
207,0.0
208,1.0
209,3.0
210,0.0
211,2.0
212,0.0
213,1.0
214,0.0
215,4.0
216,1.0
217,1.0
218,1.0
219,2.0
220,0.0
221,0.0
222,2.0
223,3.0
224,0.0
225,1.0
226,3.0
227,1.0
228,2.0
229,0.0
230,2.0
231,1.0
232,2.0
233,1.0
234,1.0
235,0.0
236,0.0
237,4.0
238,1.0
239,1.0
240,3.0
241,4.0
242,1.0
243,2.0
244,0.0
245,4.0
246,2.0
247,1.0
248,0.0
249,0.0
250,4.0
251,0.0
252,0.0
253,1.0
254,3.0
255,1.0
256,0.0
257,0.0
258,4.0
259,3.0
260,2.0
261,2.0
262,1.0
263,0.0
264,3.0
265,2.0
266,1.0
267,0.0
268,3.0
269,2.0
270,0.0
271,2.0
272,1.0
273,0.0
274,3.0
275,0.0
276,0.0
277,3.0
278,0.0
279,2.0
280,2.0
281,2.0
282,0.0
283,1.0
284,3.0
285,1.0
286,2.0
287,1.0
288,2.0
289,2.0
290,1.0
291,2.0
292,4.0
293,2.0
294,1.0
295,2.0
296,1.0
297,2.0
298,3.0
299,3.0
300,0.0
301,0.0
302,0.0
303,3.0
304,3.0
305,0.0
306,0.0
307,1.0
308,3.0
309,2.0
310,0.0
311,0.0
312,0.0
313,0.0
314,2.0
315,4.0
316,0.0
317,1.0
318,2.0
319,1.0
320,0.0
321,2.0
322,1.0
323,3.0
324,0.0
325,0.0
326,4.0
327,4.0
328,1.0
329,2.0
330,0.0
331,3.0
332,3.0
333,1.0
334,1.0
335,0.0
336,2.0
337,0.0
338,0.0
339,2.0
340,1.0
341,1.0
342,1.0
343,3.0
344,3.0
345,0.0
346,4.0
347,1.0
348,2.0
349,3.0
350,2.0
351,0.0
352,3.0
353,3.0
354,0.0
355,4.0
356,3.0
357,0.0
358,0.0
359,0.0
360,2.0
361,1.0
362,1.0
363,1.0
364,1.0
365,0.0
366,1.0
367,2.0
368,1.0
369,1.0
370,1.0
371,1.0
372,1.0
373,3.0
374,2.0
375,2.0
376,2.0
377,1.0
378,2.0
379,0.0
380,0.0
381,0.0
382,3.0
383,0.0
384,2.0
385,1.0
386,0.0
387,2.0
388,0.0
389,0.0
390,3.0
391,3.0
392,3.0
393,0.0
394,0.0
395,4.0
396,0.0
397,3.0
398,0.0
399,1.0
400,2.0
401,3.0
402,1.0
403,0.0
404,2.0
405,2.0
406,3.0
407,1.0
408,0.0
409,1.0
410,0.0
411,1.0
412,2.0
413,1.0
414,1.0
415,0.0
416,1.0
417,2.0
418,0.0
419,2.0
420,0.0
421,0.0
422,2.0
423,1.0
424,1.0
425,1.0
426,1.0
427,1.0
428,0.0
429,3.0
430,2.0
431,3.0
432,1.0
433,3.0
434,3.0
435,0.0
436,2.0
437,2.0
438,3.0
439,2.0
440,0.0
441,2.0
442,2.0
443,2.0
444,0.0
445,2.0
446,0.0
447,3.0
448,3.0
449,2.0
450,1.0
451,0.0
452,0.0
453,1.0
454,0.0
455,2.0
456,1.0
457,3.0
458,0.0
459,4.0
460,0.0
461,3.0
462,0.0
463,1.0
464,1.0
465,2.0
466,0.0
467,2.0
468,0.0
469,0.0
470,1.0
471,2.0
472,3.0
473,2.0
474,3.0
475,2.0
476,2.0
477,2.0
478,0.0
479,0.0
480,1.0
481,2.0
482,1.0
483,1.0
484,3.0
485,1.0
486,2.0
487,2.0
488,2.0
489,0.0
490,2.0
491,1.0
492,0.0
493,1.0
494,2.0
495,2.0
496,1.0
497,3.0
498,3.0
499,1.0
500,2.0
501,0.0
502,2.0
503,2.0
504,2.0
505,0.0
506,0.0
507,4.0
508,3.0
509,2.0
510,1.0
511,1.0
512,1.0
513,0.0
514,1.0
515,0.0
516,1.0
517,0.0
518,1.0
519,1.0
520,0.0
521,1.0
522,3.0
523,1.0
524,2.0
525,0.0
526,0.0
527,0.0
528,0.0
529,0.0
530,0.0
531,3.0
532,2.0
533,4.0
534,0.0
535,3.0
536,2.0
537,0.0
538,1.0
539,2.0
540,4.0
541,2.0
542,0.0
543,2.0
544,1.0
545,2.0
546,1.0
547,2.0
548,3.0
549,0.0
550,3.0
551,2.0
552,1.0
553,0.0
554,3.0
555,1.0
556,3.0
557,2.0
558,3.0
559,2.0
560,0.0
561,1.0
562,2.0
563,1.0
564,0.0
565,0.0
566,0.0
567,2.0
568,1.0
569,2.0
570,3.0
571,0.0
572,3.0
573,2.0
574,1.0
575,3.0
576,4.0
577,2.0
578,2.0
579,1.0
580,3.0
581,0.0
582,2.0
583,0.0
584,0.0
585,0.0
586,1.0
587,3.0
588,3.0
589,3.0
590,2.0
591,1.0
592,0.0
593,2.0
594,0.0
595,2.0
596,3.0
597,1.0
598,1.0
599,0.0
600,1.0
601,1.0
602,4.0
603,2.0
604,1.0
605,0.0
606,1.0
607,4.0
608,2.0
609,2.0
610,3.0
611,2.0
612,2.0
613,3.0
614,1.0
615,1.0
616,2.0
617,1.0
618,1.0
619,0.0
620,1.0
621,0.0
622,2.0
623,0.0
624,1.0
625,0.0
626,3.0
627,0.0
628,1.0
629,2.0
630,3.0
631,0.0
632,2.0
633,2.0
634,1.0
635,2.0
636,2.0
637,2.0
638,1.0
639,0.0
640,1.0
641,0.0
642,2.0
643,1.0
644,1.0
645,2.0
646,0.0
647,2.0
648,2.0
649,2.0
650,1.0
651,0.0
652,0.0
653,0.0
654,2.0
655,2.0
656,2.0
657,2.0
658,1.0
659,1.0
660,1.0
661,1.0
662,2.0
663,0.0
664,1.0
665,0.0
666,0.0
667,1.0
668,0.0
669,2.0
670,2.0
671,2.0
672,0.0
673,0.0
674,2.0
675,0.0
676,0.0
677,0.0
678,4.0
679,3.0
680,0.0
681,3.0
682,3.0
683,3.0
684,2.0
685,0.0
686,3.0
687,1.0
688,4.0
689,2.0
690,0.0
691,0.0
692,1.0
693,2.0
694,1.0
695,0.0
696,1.0
697,3.0
698,0.0
699,1.0
700,3.0
701,1.0
702,2.0
703,0.0
704,2.0
705,2.0
706,1.0
707,2.0
708,3.0
709,2.0
710,1.0
711,1.0
712,1.0
713,3.0
714,1.0
715,1.0
716,2.0
717,2.0
718,0.0
719,1.0
720,1.0
721,0.0
722,0.0
723,2.0
724,0.0
725,0.0
726,2.0
727,4.0
728,0.0
729,3.0
730,0.0
731,4.0
732,1.0
733,0.0
734,2.0
735,0.0
736,2.0
737,1.0
738,4.0
739,2.0
740,3.0
741,0.0
742,0.0
743,2.0
744,0.0
745,0.0
746,2.0
747,1.0
748,0.0
749,0.0
750,4.0
751,1.0
752,2.0
753,2.0
754,3.0
755,2.0
756,2.0
757,2.0
758,3.0
759,1.0
760,2.0
761,0.0
762,2.0
763,2.0
764,2.0
765,4.0
766,0.0
767,2.0
768,2.0
769,0.0
770,4.0
771,1.0
772,2.0
773,2.0
774,1.0
775,3.0
776,0.0
777,2.0
778,2.0
779,1.0
780,0.0
781,0.0
782,1.0
783,0.0
784,0.0
785,2.0
786,0.0
787,0.0
788,2.0
789,3.0
790,2.0
791,1.0
792,1.0
793,0.0
794,2.0
795,0.0
796,3.0
797,0.0
798,0.0
799,0.0
800,2.0
801,0.0
802,3.0
803,0.0
804,1.0
805,1.0
806,3.0
807,0.0
808,3.0
809,0.0
810,2.0
811,2.0
812,1.0
813,2.0
814,2.0
815,2.0
816,2.0
817,1.0
818,3.0
819,2.0
820,2.0
821,0.0
822,3.0
823,1.0
824,1.0
825,0.0
826,0.0
827,3.0
828,1.0
829,1.0
830,3.0
831,2.0
832,1.0
833,3.0
834,1.0
835,0.0
836,0.0
837,3.0
838,0.0
839,1.0
840,1.0
841,1.0
842,0.0
843,1.0
844,0.0
845,3.0
846,2.0
847,1.0
848,2.0
849,0.0
850,4.0
851,4.0
852,3.0
853,4.0
854,0.0
855,0.0
856,0.0
857,2.0
858,4.0
859,1.0
860,0.0
861,3.0
862,2.0
863,2.0
864,4.0
865,0.0
866,1.0
867,3.0
868,0.0
869,2.0
870,2.0
871,0.0
872,1.0
873,4.0
874,4.0
875,2.0
876,0.0
877,0.0
878,0.0
879,2.0
880,2.0
881,0.0
882,2.0
883,1.0
884,3.0
885,1.0
886,2.0
887,4.0
888,1.0
889,0.0
890,3.0
891,3.0
892,0.0
893,1.0
894,1.0
895,3.0
896,1.0
897,2.0
898,1.0
899,3.0
900,1.0
901,0.0
902,3.0
903,3.0
904,1.0
905,0.0
906,0.0
907,1.0
908,0.0
909,0.0
910,1.0
911,1.0
912,2.0
913,2.0
914,1.0
915,1.0
916,0.0
917,1.0
918,0.0
919,0.0
920,2.0
921,2.0
922,2.0
923,4.0
924,2.0
925,4.0
926,2.0
927,0.0
928,1.0
929,2.0
930,3.0
931,4.0
932,1.0
933,3.0
934,0.0
935,0.0
936,1.0
937,1.0
938,2.0
939,1.0
940,0.0
941,2.0
942,4.0
943,2.0
944,2.0
945,3.0
946,1.0
947,2.0
948,1.0
949,0.0
950,2.0
951,1.0
952,1.0
953,3.0
954,1.0
955,0.0
956,1.0
957,0.0
958,4.0
959,2.0
960,3.0
961,1.0
962,2.0
963,3.0
964,0.0
965,4.0
966,2.0
967,2.0
968,2.0
969,2.0
970,4.0
971,1.0
972,3.0
973,2.0
974,1.0
975,0.0
976,0.0
977,0.0
978,1.0
979,2.0
980,2.0
981,1.0
982,1.0
983,1.0
984,0.0
985,2.0
986,4.0
987,0.0
988,3.0
989,1.0
990,0.0
991,0.0
992,0.0
993,1.0
994,4.0
995,1.0
996,2.0
997,2.0
998,2.0
999,1.0
1000,1.0
1001,2.0
1002,0.0
1003,0.0
1004,3.0
1005,2.0
1006,1.0
1007,2.0
1008,0.0
1009,2.0
1010,1.0
1011,1.0
1012,3.0
1013,1.0
1014,2.0
1015,2.0
1016,2.0
1017,0.0
1018,0.0
1019,0.0
1020,4.0
1021,4.0
1022,4.0
1023,1.0
1024,2.0
1025,0.0
1026,2.0
1027,0.0
1028,1.0
1029,1.0
1030,4.0
1031,2.0
1032,1.0
1033,2.0
1034,1.0
1035,2.0
1036,2.0
1037,1.0
1038,2.0
1039,0.0
1040,0.0
1041,2.0
1042,1.0
1043,2.0
1044,1.0
1045,1.0
1046,0.0
1047,0.0
1048,2.0
1049,2.0
1050,4.0
1051,2.0
1052,0.0
1053,2.0
1054,0.0
1055,1.0
1056,0.0
1057,3.0
1058,0.0
1059,4.0
1060,3.0
1061,3.0
1062,1.0
1063,4.0
1064,1.0
1065,1.0
1066,0.0
1067,2.0
1068,2.0
1069,0.0
1070,3.0
1071,3.0
1072,0.0
1073,4.0
1074,1.0
1075,2.0
1076,2.0
1077,0.0
1078,2.0
1079,2.0
1080,2.0
1081,1.0
1082,2.0
1083,0.0
1084,3.0
1085,2.0
1086,2.0
1087,3.0
1088,2.0
1089,2.0
1090,1.0
1091,3.0
1092,0.0
1093,2.0
1094,0.0
1095,0.0
1096,0.0
1097,0.0
1098,3.0
1099,0.0
1100,0.0
1101,2.0
1102,0.0
1103,1.0
1104,2.0
1105,0.0
1106,1.0
1107,0.0
1108,2.0
1109,1.0
1110,0.0
1111,1.0
1112,0.0
1113,0.0
1114,2.0
1115,3.0
1116,0.0
1117,2.0
1118,0.0
1119,3.0
1120,2.0
1121,1.0
1122,2.0
1123,4.0
1124,1.0
1125,0.0
1126,1.0
1127,0.0
1128,1.0
1129,1.0
1130,2.0
1131,2.0
1132,1.0
1133,3.0
1134,2.0
1135,1.0
1136,0.0
1137,2.0
1138,1.0
1139,2.0
1140,0.0
1141,4.0
1142,2.0
1143,3.0
1144,2.0
1145,2.0
1146,1.0
1147,1.0
1148,2.0
1149,1.0
1150,0.0
1151,2.0
1152,2.0
1153,3.0
1154,1.0
1155,1.0
1156,3.0
1157,1.0
1158,0.0
1159,2.0
1160,0.0
1161,0.0
1162,1.0
1163,1.0
1164,2.0
1165,1.0
1166,1.0
1167,0.0
1168,1.0
1169,2.0
1170,4.0
1171,1.0
1172,1.0
1173,1.0
1174,1.0
1175,1.0
1176,2.0
1177,4.0
1178,1.0
1179,0.0
1180,1.0
1181,2.0
1182,1.0
1183,1.0
1184,1.0
1185,0.0
1186,0.0
1187,2.0
1188,4.0
1189,1.0
1190,0.0
1191,1.0
1192,0.0
1193,0.0
1194,2.0
1195,2.0
1196,2.0
1197,2.0
1198,0.0
1199,0.0
1200,4.0
1201,0.0
1202,2.0
1203,1.0
1204,2.0
1205,3.0
1206,2.0
1207,0.0
1208,3.0
1209,1.0
1210,3.0
1211,2.0
1212,2.0
1213,1.0
1214,1.0
1215,0.0
1216,3.0
1217,2.0
1218,4.0
1219,1.0
1220,0.0
1221,2.0
1222,1.0
1223,1.0
1224,2.0
1225,0.0
1226,0.0
1227,1.0
1228,1.0
1229,3.0
1230,3.0
1231,1.0
1232,2.0
1233,0.0
1234,3.0
1235,1.0
1236,1.0
1237,1.0
1238,0.0
1239,3.0
1240,0.0
1241,2.0
1242,0.0
1243,2.0
1244,0.0
1245,0.0
1246,2.0
1247,4.0
1248,4.0
1249,2.0
1250,0.0
1251,2.0
1252,1.0
1253,3.0
1254,0.0
1255,0.0
1256,0.0
1257,0.0
1258,0.0
1259,1.0
1260,3.0
1261,0.0
1262,3.0
1263,2.0
1264,1.0
1265,1.0
1266,0.0
1267,0.0
1268,2.0
1269,0.0
1270,0.0
1271,2.0
1272,2.0
1273,3.0
1274,2.0
1275,2.0
1276,1.0
1277,1.0
1278,4.0
1279,1.0
1280,1.0
1281,0.0
1282,1.0
1283,0.0
1284,4.0
1285,2.0
1286,0.0
1287,0.0
1288,0.0
1289,3.0
1290,4.0
1291,3.0
1292,0.0
1293,3.0
1294,2.0
1295,0.0
1296,2.0
1297,2.0
1298,0.0
1299,1.0
1300,3.0
1301,2.0
1302,2.0
1303,0.0
1304,0.0
1305,2.0
1306,1.0
1307,2.0
1308,0.0
1309,0.0
1310,0.0
1311,2.0
1312,4.0
1313,2.0
1314,0.0
1315,0.0
1316,2.0
1317,0.0
1318,0.0
1319,0.0
1320,3.0
1321,2.0
1322,4.0
1323,0.0
1324,3.0
1325,3.0
1326,1.0
1327,0.0
1328,0.0
1329,2.0
1330,1.0
1331,1.0
1332,2.0
1333,0.0
1334,2.0
1335,2.0
1336,2.0
1337,4.0
1338,3.0
1339,2.0
1340,3.0
1341,0.0
1342,3.0
1343,3.0
1344,1.0
1345,1.0
1346,1.0
1347,1.0
1348,0.0
1349,1.0
1350,2.0
1351,3.0
1352,2.0
1353,4.0
1354,0.0
1355,0.0
1356,3.0
1357,2.0
1358,4.0
1359,0.0
1360,2.0
1361,1.0
1362,3.0
1363,1.0
1364,0.0
1365,3.0
1366,3.0
1367,0.0
1368,1.0
1369,3.0
1370,1.0
1371,2.0
1372,0.0
1373,1.0
1374,1.0
1375,3.0
1376,2.0
1377,2.0
1378,1.0
1379,0.0
1380,0.0
1381,2.0
1382,2.0
1383,2.0
1384,4.0
1385,0.0
1386,2.0
1387,3.0
1388,4.0
1389,0.0
1390,1.0
1391,2.0
1392,3.0
1393,1.0
1394,0.0
1395,4.0
1396,2.0
1397,3.0
1398,1.0
1399,1.0
1400,1.0
1401,0.0
1402,0.0
1403,2.0
1404,1.0
1405,3.0
1406,1.0
1407,2.0
1408,4.0
1409,3.0
1410,0.0
1411,2.0
1412,2.0
1413,0.0
1414,2.0
1415,1.0
1416,3.0
1417,4.0
1418,4.0
1419,1.0
1420,1.0
1421,1.0
1422,2.0
1423,0.0
1424,2.0
1425,0.0
1426,2.0
1427,3.0
1428,2.0
1429,3.0
1430,2.0
1431,2.0
1432,1.0
1433,4.0
1434,1.0
1435,3.0
1436,1.0
1437,4.0
1438,2.0
1439,4.0
1440,2.0
1441,2.0
1442,1.0
1443,1.0
1444,2.0
1445,2.0
1446,2.0
1447,1.0
1448,2.0
1449,1.0
1450,1.0
1451,1.0
1452,0.0
1453,1.0
1454,2.0
1455,2.0
1456,0.0
1457,4.0
1458,2.0
1459,1.0
1460,2.0
1461,3.0
1462,3.0
1463,1.0
1464,1.0
1465,1.0
1466,1.0
1467,1.0
1468,0.0
1469,2.0
1470,2.0
1471,3.0
1472,4.0
1473,4.0
1474,0.0
1475,2.0
1476,0.0
1477,3.0
1478,1.0
1479,1.0
1480,3.0
1481,1.0
1482,1.0
1483,1.0
1484,1.0
1485,2.0
1486,1.0
1487,2.0
1488,3.0
1489,3.0
1490,2.0
1491,0.0
1492,2.0
1493,2.0
1494,0.0
1495,3.0
1496,0.0
1497,2.0
1498,4.0
1499,0.0
1500,0.0
1501,3.0
1502,0.0
1503,2.0
1504,0.0
1505,0.0
1506,1.0
1507,0.0
1508,0.0
1509,2.0
1510,0.0
1511,1.0
1512,3.0
1513,0.0
1514,1.0
1515,3.0
1516,0.0
1517,1.0
1518,2.0
1519,2.0
1520,3.0
1521,1.0
1522,0.0
1523,2.0
1524,2.0
1525,3.0
1526,2.0
1527,0.0
1528,1.0
1529,0.0
1530,2.0
1531,1.0
1532,3.0
1533,2.0
1534,4.0
1535,1.0
1536,2.0
1537,2.0
1538,3.0
1539,1.0
1540,1.0
1541,1.0
1542,4.0
1543,2.0
1544,0.0
1545,2.0
1546,4.0
1547,1.0
1548,3.0
1549,2.0
1550,0.0
1551,2.0
1552,2.0
1553,0.0
1554,1.0
1555,1.0
1556,0.0
1557,2.0
1558,1.0
1559,2.0
1560,0.0
1561,1.0
1562,1.0
1563,1.0
1564,1.0
1565,0.0
1566,1.0
1567,1.0
1568,0.0
1569,1.0
1570,0.0
1571,1.0
1572,4.0
1573,2.0
1574,0.0
1575,0.0
1576,3.0
1577,4.0
1578,1.0
1579,3.0
1580,2.0
1581,4.0
1582,4.0
1583,0.0
1584,0.0
1585,0.0
1586,2.0
1587,2.0
1588,1.0
1589,1.0
1590,1.0
1591,1.0
1592,0.0
1593,1.0
1594,1.0
1595,0.0
1596,2.0
1597,1.0
1598,1.0
1599,1.0
1600,1.0
1601,0.0
1602,2.0
1603,2.0
1604,0.0
1605,0.0
1606,1.0
1607,1.0
1608,3.0
1609,2.0
1610,1.0
1611,2.0
1612,1.0
1613,0.0
1614,2.0
1615,2.0
1616,0.0
1617,2.0
1618,0.0
1619,0.0
1620,2.0
1621,1.0
1622,3.0
1623,0.0
1624,2.0
1625,1.0
1626,2.0
1627,1.0
1628,0.0
1629,1.0
1630,4.0
1631,3.0
1632,3.0
1633,4.0
1634,1.0
1635,2.0
1636,0.0
1637,3.0
1638,1.0
1639,3.0
1640,1.0
1641,3.0
1642,3.0
1643,1.0
1644,2.0
1645,2.0
1646,4.0
1647,3.0
1648,0.0
1649,1.0
1650,0.0
1651,0.0
1652,2.0
1653,0.0
1654,0.0
1655,4.0
1656,0.0
1657,4.0
1658,0.0
1659,2.0
1660,2.0
1661,2.0
1662,1.0
1663,3.0
1664,0.0
1665,2.0
1666,2.0
1667,1.0
1668,0.0
1669,3.0
1670,3.0
1671,1.0
1672,0.0
1673,2.0
1674,0.0
1675,1.0
1676,4.0
1677,2.0
1678,2.0
1679,4.0
1680,0.0
1681,1.0
1682,1.0
1683,0.0
1684,2.0
1685,0.0
1686,2.0
1687,2.0
1688,4.0
1689,2.0
1690,0.0
1691,2.0
1692,4.0
1693,0.0
1694,2.0
1695,3.0
1696,1.0
1697,1.0
1698,2.0
1699,0.0
1700,0.0
1701,1.0
1702,3.0
1703,3.0
1704,1.0
1705,2.0
1706,2.0
1707,2.0
1708,1.0
1709,0.0
1710,1.0
1711,1.0
1712,0.0
1713,2.0
1714,1.0
1715,3.0
1716,1.0
1717,2.0
1718,2.0
1719,0.0
1720,1.0
1721,1.0
1722,4.0
1723,0.0
1724,1.0
1725,3.0
1726,1.0
1727,4.0
1728,1.0
1729,0.0
1730,1.0
1731,3.0
1732,4.0
1733,4.0
1734,1.0
1735,1.0
1736,3.0
1737,0.0
1738,2.0
1739,0.0
1740,1.0
1741,1.0
1742,1.0
1743,4.0
1744,1.0
1745,3.0
1746,2.0
1747,3.0
1748,3.0
1749,3.0
1750,0.0
1751,2.0
1752,0.0
1753,4.0
1754,0.0
1755,2.0
1756,0.0
1757,0.0
1758,1.0
1759,2.0
1760,2.0
1761,3.0
1762,1.0
1763,3.0
1764,1.0
1765,0.0
1766,0.0
1767,0.0
1768,0.0
1769,4.0
1770,1.0
1771,1.0
1772,2.0
1773,2.0
1774,0.0
1775,0.0
1776,1.0
1777,0.0
1778,2.0
1779,0.0
1780,3.0
1781,4.0
1782,1.0
1783,0.0
1784,3.0
1785,2.0
1786,1.0
1787,0.0
1788,0.0
1789,3.0
1790,3.0
1791,1.0
1792,1.0
1793,0.0
1794,4.0
1795,1.0
1796,2.0
1797,2.0
1798,4.0
1799,0.0
1800,1.0
1801,0.0
1802,0.0
1803,1.0
1804,3.0
1805,0.0
1806,0.0
1807,3.0
1808,3.0
1809,2.0
1810,0.0
1811,4.0
1812,1.0
1813,3.0
1814,3.0
1815,0.0
1816,1.0
1817,3.0
1818,0.0
1819,3.0
1820,2.0
1821,0.0
1822,2.0
1823,2.0
1824,1.0
1825,3.0
1826,0.0
1827,1.0
1828,3.0
1829,1.0
1830,1.0
1831,0.0
1832,4.0
1833,2.0
1834,0.0
1835,4.0
1836,2.0
1837,2.0
1838,2.0
1839,1.0
1840,0.0
1841,1.0
1842,0.0
1843,0.0
1844,4.0
1845,3.0
1846,1.0
1847,4.0
1848,2.0
1849,0.0
1850,0.0
1851,3.0
1852,3.0
1853,0.0
1854,1.0
1855,1.0
1856,2.0
1857,2.0
1858,4.0
1859,0.0
1860,0.0
1861,0.0
1862,3.0
1863,1.0
1864,1.0
1865,0.0
1866,2.0
1867,2.0
1868,2.0
1869,0.0
1870,1.0
1871,3.0
1872,2.0
1873,0.0
1874,2.0
1875,3.0
1876,2.0
1877,0.0
1878,1.0
1879,0.0
1880,4.0
1881,4.0
1882,1.0
1883,1.0
1884,0.0
1885,2.0
1886,2.0
1887,2.0
1888,1.0
1889,1.0
1890,1.0
1891,0.0
1892,0.0
1893,0.0
1894,1.0
1895,1.0
1896,2.0
1897,4.0
1898,2.0
1899,1.0
1900,2.0
1901,2.0
1902,2.0
1903,1.0
1904,0.0
1905,1.0
1906,2.0
1907,1.0
1908,1.0
1909,0.0
1910,4.0
1911,2.0
1912,1.0
1913,2.0
1914,2.0
1915,2.0
1916,0.0
1917,3.0
1918,2.0
1919,3.0
1920,1.0
1921,4.0
1922,0.0
1923,2.0
1924,0.0
1925,3.0
1926,0.0
1927,2.0
1928,3.0
1929,1.0
1930,0.0
1931,3.0
1932,1.0
1933,0.0
1934,4.0
1935,0.0
1936,1.0
1937,2.0
1938,2.0
1939,1.0
1940,0.0
1941,0.0
1942,2.0
1943,0.0
1944,0.0
1945,3.0
1946,2.0
1947,2.0
1948,0.0
1949,0.0
1950,3.0
1951,1.0
1952,3.0
1953,2.0
1954,0.0
1955,3.0
1956,2.0
1957,2.0
1958,3.0
1959,1.0
1960,1.0
1961,2.0
1962,1.0
1963,2.0
1964,0.0
1965,1.0
1966,0.0
1967,0.0
1968,0.0
1969,2.0
1970,0.0
1971,3.0
1972,0.0
1973,2.0
1974,1.0
1975,3.0
1976,3.0
1977,3.0
1978,0.0
1979,2.0
1980,0.0
1981,0.0
1982,1.0
1983,1.0
1984,4.0
1985,1.0
1986,1.0
1987,1.0
1988,2.0
1989,0.0
1990,1.0
1991,4.0
1992,1.0
1993,0.0
1994,1.0
1995,1.0
1996,1.0
1997,0.0
1998,3.0
1999,0.0
2000,0.0
2001,2.0
2002,2.0
2003,2.0
2004,2.0
2005,2.0
2006,2.0
2007,4.0
2008,1.0
2009,2.0
2010,3.0
2011,1.0
2012,1.0
2013,0.0
2014,4.0
2015,1.0
2016,2.0
2017,0.0
2018,3.0
2019,1.0
2020,1.0
2021,1.0
2022,4.0
2023,2.0
2024,0.0
2025,3.0
2026,4.0
2027,0.0
2028,1.0
2029,0.0
2030,0.0
2031,3.0
2032,4.0
2033,0.0
2034,3.0
2035,0.0
2036,2.0
2037,0.0
2038,0.0
2039,2.0
2040,1.0
2041,2.0
2042,0.0
2043,1.0
2044,4.0
2045,0.0
2046,3.0
2047,3.0
2048,0.0
2049,1.0
2050,1.0
2051,2.0
2052,3.0
2053,3.0
2054,3.0
2055,0.0
2056,1.0
2057,2.0
2058,1.0
2059,2.0
2060,0.0
2061,1.0
2062,0.0
2063,4.0
2064,0.0
2065,3.0
2066,2.0
2067,0.0
2068,0.0
2069,3.0
2070,4.0
2071,0.0
2072,0.0
2073,2.0
2074,4.0
2075,1.0
2076,2.0
2077,2.0
2078,4.0
2079,2.0
2080,0.0
2081,1.0
2082,1.0
2083,0.0
2084,0.0
2085,0.0
2086,0.0
2087,0.0
2088,4.0
2089,3.0
2090,1.0
2091,1.0
2092,3.0
2093,2.0
2094,1.0
2095,1.0
2096,2.0
2097,0.0
2098,0.0
2099,0.0
2100,0.0
2101,2.0
2102,1.0
2103,3.0
2104,0.0
2105,1.0
2106,0.0
2107,0.0
2108,2.0
2109,2.0
2110,0.0
2111,3.0
2112,1.0
2113,4.0
2114,1.0
2115,0.0
2116,0.0
2117,1.0
2118,1.0
2119,0.0
2120,1.0
2121,3.0
2122,4.0
2123,0.0
2124,3.0
2125,2.0
2126,1.0
2127,2.0
2128,0.0
2129,1.0
2130,0.0
2131,1.0
2132,0.0
2133,3.0
2134,4.0
2135,1.0
2136,2.0
2137,3.0
2138,1.0
2139,3.0
2140,3.0
2141,1.0
2142,0.0
2143,1.0
2144,2.0
2145,2.0
2146,0.0
2147,3.0
2148,3.0
2149,1.0
2150,1.0
2151,0.0
2152,1.0
2153,1.0
2154,3.0
2155,0.0
2156,2.0
2157,2.0
2158,0.0
2159,1.0
2160,1.0
2161,3.0
2162,1.0
2163,3.0
2164,1.0
2165,3.0
2166,4.0
2167,1.0
2168,1.0
2169,0.0
2170,3.0
2171,2.0
2172,2.0
2173,2.0
2174,2.0
2175,3.0
2176,1.0
2177,0.0
2178,3.0
2179,0.0
2180,0.0
2181,2.0
2182,1.0
2183,0.0
2184,2.0
2185,0.0
2186,1.0
2187,2.0
2188,1.0
2189,1.0
2190,1.0
2191,0.0
2192,1.0
2193,1.0
2194,0.0
2195,1.0
2196,2.0
2197,0.0
2198,0.0
2199,0.0
2200,1.0
2201,2.0
2202,2.0
2203,1.0
2204,2.0
2205,1.0
2206,2.0
2207,0.0
2208,3.0
2209,1.0
2210,4.0
2211,0.0
2212,1.0
2213,3.0
2214,3.0
2215,1.0
2216,2.0
2217,1.0
2218,2.0
2219,3.0
2220,4.0
2221,4.0
2222,1.0
2223,2.0
2224,3.0
2225,0.0
2226,1.0
2227,0.0
2228,1.0
2229,0.0
2230,0.0
2231,3.0
2232,2.0
2233,2.0
2234,2.0
2235,3.0
2236,1.0
2237,0.0
2238,2.0
2239,2.0
2240,4.0
2241,3.0
2242,1.0
2243,4.0
2244,1.0
2245,2.0
2246,0.0
2247,0.0
2248,0.0
2249,0.0
2250,2.0
2251,0.0
2252,0.0
2253,0.0
2254,2.0
2255,0.0
2256,2.0
2257,2.0
2258,1.0
2259,2.0
2260,2.0
2261,0.0
2262,1.0
2263,3.0
2264,2.0
2265,2.0
2266,1.0
2267,0.0
2268,4.0
2269,2.0
2270,1.0
2271,1.0
2272,2.0
2273,2.0
2274,2.0
2275,4.0
2276,0.0
2277,1.0
2278,2.0
2279,1.0
2280,0.0
2281,0.0
2282,2.0
2283,1.0
2284,0.0
2285,3.0
2286,3.0
2287,1.0
2288,1.0
2289,1.0
2290,0.0
2291,2.0
2292,1.0
2293,1.0
2294,2.0
2295,2.0
2296,1.0
2297,2.0
2298,3.0
2299,1.0
2300,1.0
2301,1.0
2302,1.0
2303,4.0
2304,0.0
2305,3.0
2306,3.0
2307,1.0
2308,1.0
2309,3.0
2310,1.0
2311,3.0
2312,2.0
2313,3.0
2314,0.0
2315,1.0
2316,4.0
2317,1.0
2318,1.0
2319,1.0
2320,0.0
2321,0.0
2322,1.0
2323,1.0
2324,1.0
2325,2.0
2326,0.0
2327,1.0
2328,1.0
2329,1.0
2330,3.0
2331,2.0
2332,1.0
2333,0.0
2334,0.0
2335,0.0
2336,2.0
2337,1.0
2338,1.0
2339,1.0
2340,0.0
2341,0.0
2342,2.0
2343,2.0
2344,1.0
2345,2.0
2346,0.0
2347,3.0
2348,1.0
2349,2.0
2350,2.0
2351,1.0
2352,4.0
2353,0.0
2354,4.0
2355,4.0
2356,1.0
2357,3.0
2358,0.0
2359,0.0
2360,0.0
2361,4.0
2362,3.0
2363,0.0
2364,1.0
2365,3.0
2366,0.0
2367,1.0
2368,0.0
2369,0.0
2370,3.0
2371,1.0
2372,3.0
2373,1.0
2374,0.0
2375,0.0
2376,2.0
2377,2.0
2378,0.0
2379,0.0
2380,0.0
2381,3.0
2382,1.0
2383,3.0
2384,2.0
2385,0.0
2386,2.0
2387,2.0
2388,0.0
2389,2.0
2390,2.0
2391,1.0
2392,3.0
2393,1.0
2394,2.0
2395,0.0
2396,0.0
2397,1.0
2398,3.0
2399,2.0
2400,1.0
2401,1.0
2402,3.0
2403,0.0
2404,1.0
2405,2.0
2406,1.0
2407,3.0
2408,0.0
2409,1.0
2410,0.0
2411,2.0
2412,3.0
2413,2.0
2414,1.0
2415,1.0
2416,3.0
2417,0.0
2418,4.0
2419,2.0
2420,1.0
2421,0.0
2422,2.0
2423,2.0
2424,3.0
2425,1.0
2426,1.0
2427,2.0
2428,4.0
2429,0.0
2430,0.0
2431,2.0
2432,2.0
2433,0.0
2434,1.0
2435,3.0
2436,3.0
2437,3.0
2438,0.0
2439,0.0
2440,1.0
2441,1.0
2442,3.0
2443,2.0
2444,0.0
2445,3.0
2446,3.0
2447,1.0
2448,0.0
2449,1.0
2450,0.0
2451,2.0
2452,2.0
2453,3.0
2454,1.0
2455,2.0
2456,2.0
2457,1.0
2458,3.0
2459,4.0
2460,0.0
2461,0.0
2462,3.0
2463,2.0
2464,2.0
2465,1.0
2466,0.0
2467,2.0
2468,3.0
2469,1.0
2470,3.0
2471,1.0
2472,1.0
2473,2.0
2474,0.0
2475,3.0
2476,1.0
2477,0.0
2478,0.0
2479,3.0
2480,2.0
2481,0.0
2482,0.0
2483,1.0
2484,2.0
2485,3.0
2486,1.0
2487,3.0
2488,3.0
2489,2.0
2490,3.0
2491,0.0
2492,0.0
2493,4.0
2494,0.0
2495,1.0
2496,1.0
2497,2.0
2498,1.0
2499,0.0
2500,2.0
2501,1.0
2502,0.0
2503,2.0
2504,0.0
2505,4.0
2506,3.0
2507,3.0
2508,2.0
2509,2.0
2510,0.0
2511,3.0
2512,0.0
2513,1.0
2514,1.0
2515,0.0
2516,0.0
2517,3.0
2518,3.0
2519,1.0
2520,0.0
2521,2.0
2522,2.0
2523,0.0
2524,1.0
2525,1.0
2526,2.0
2527,0.0
2528,4.0
2529,3.0
2530,2.0
2531,1.0
2532,0.0
2533,2.0
2534,2.0
2535,0.0
2536,2.0
2537,1.0
2538,1.0
2539,3.0
2540,2.0
2541,2.0
2542,1.0
2543,3.0
2544,0.0
2545,0.0
2546,1.0
2547,0.0
2548,2.0
2549,3.0
2550,2.0
2551,1.0
2552,2.0
2553,4.0
2554,3.0
2555,2.0
2556,2.0
2557,0.0
2558,3.0
2559,3.0
2560,0.0
2561,3.0
2562,1.0
2563,0.0
2564,2.0
2565,1.0
2566,1.0
2567,2.0
2568,3.0
2569,2.0
2570,4.0
2571,0.0
2572,3.0
2573,2.0
2574,1.0
2575,1.0
2576,0.0
2577,2.0
2578,1.0
2579,1.0
2580,0.0
2581,3.0
2582,2.0
2583,1.0
2584,0.0
2585,3.0
2586,0.0
2587,4.0
2588,4.0
2589,2.0
2590,0.0
2591,2.0
2592,1.0
2593,0.0
2594,1.0
2595,3.0
2596,4.0
2597,3.0
2598,2.0
2599,4.0
2600,0.0
2601,0.0
2602,0.0
2603,4.0
2604,3.0
2605,1.0
2606,1.0
2607,1.0
2608,0.0
2609,2.0
2610,1.0
2611,1.0
2612,1.0
2613,1.0
2614,1.0
2615,1.0
2616,1.0
2617,3.0
2618,0.0
2619,3.0
2620,4.0
2621,3.0
2622,1.0
2623,2.0
2624,0.0
2625,0.0
2626,3.0
2627,3.0
2628,0.0
2629,2.0
2630,4.0
2631,1.0
2632,0.0
2633,0.0
2634,3.0
2635,1.0
2636,2.0
2637,1.0
2638,0.0
2639,0.0
2640,2.0
2641,2.0
2642,2.0
2643,2.0
2644,3.0
2645,2.0
2646,1.0
2647,1.0
2648,0.0
2649,4.0
2650,2.0
2651,0.0
2652,1.0
2653,0.0
2654,2.0
2655,0.0
2656,0.0
2657,2.0
2658,2.0
2659,4.0
2660,4.0
2661,2.0
2662,0.0
2663,2.0
2664,2.0
2665,0.0
2666,2.0
2667,0.0
2668,3.0
2669,0.0
2670,1.0
2671,4.0
2672,2.0
2673,3.0
2674,3.0
2675,0.0
2676,0.0
2677,0.0
2678,2.0
2679,2.0
2680,1.0
2681,0.0
2682,0.0
2683,0.0
2684,0.0
2685,0.0
2686,0.0
2687,0.0
2688,3.0
2689,2.0
2690,2.0
2691,0.0
2692,2.0
2693,0.0
2694,0.0
2695,1.0
2696,1.0
2697,0.0
2698,1.0
2699,0.0
2700,3.0
2701,3.0
2702,2.0
2703,2.0
2704,0.0
2705,3.0
2706,1.0
2707,2.0
2708,4.0
2709,1.0
2710,1.0
2711,3.0
2712,0.0
2713,0.0
2714,0.0
2715,0.0
2716,2.0
2717,0.0
2718,3.0
2719,3.0
2720,0.0
2721,3.0
2722,1.0
2723,1.0
2724,1.0
2725,2.0
2726,1.0
2727,1.0
2728,1.0
2729,1.0
2730,1.0
2731,2.0
2732,3.0
2733,2.0
2734,3.0
2735,3.0
2736,3.0
2737,0.0
2738,1.0
2739,4.0
2740,1.0
2741,0.0
2742,2.0
2743,1.0
2744,1.0
2745,3.0
2746,1.0
2747,1.0
2748,0.0
2749,4.0
2750,1.0
2751,0.0
2752,2.0
2753,2.0
2754,1.0
2755,2.0
2756,1.0
2757,3.0
2758,1.0
2759,1.0
2760,4.0
2761,1.0
2762,2.0
2763,0.0
2764,0.0
2765,0.0
2766,1.0
2767,0.0
2768,0.0
2769,3.0
2770,2.0
2771,2.0
2772,0.0
2773,2.0
2774,0.0
2775,1.0
2776,1.0
2777,1.0
2778,0.0
2779,0.0
2780,2.0
2781,0.0
2782,3.0
2783,3.0
2784,2.0
2785,1.0
2786,2.0
2787,2.0
2788,2.0
2789,0.0
2790,2.0
2791,2.0
2792,0.0
2793,0.0
2794,2.0
2795,1.0
2796,4.0
2797,1.0
2798,4.0
2799,1.0
2800,0.0
2801,1.0
2802,1.0
2803,1.0
2804,4.0
2805,0.0
2806,4.0
2807,3.0
2808,2.0
2809,2.0
2810,1.0
2811,2.0
2812,3.0
2813,3.0
2814,3.0
2815,0.0
2816,2.0
2817,0.0
2818,2.0
2819,3.0
2820,3.0
2821,1.0
2822,1.0
2823,2.0
2824,4.0
2825,2.0
2826,2.0
2827,1.0
2828,3.0
2829,3.0
2830,0.0
2831,4.0
2832,0.0
2833,3.0
2834,2.0
2835,1.0
2836,0.0
2837,2.0
2838,4.0
2839,2.0
2840,2.0
2841,1.0
2842,1.0
2843,1.0
2844,3.0
2845,1.0
2846,0.0
2847,0.0
2848,3.0
2849,1.0
2850,0.0
2851,3.0
2852,2.0
2853,2.0
2854,1.0
2855,0.0
2856,4.0
2857,1.0
2858,3.0
2859,0.0
2860,4.0
2861,0.0
2862,0.0
2863,2.0
2864,3.0
2865,1.0
2866,0.0
2867,3.0
2868,0.0
2869,3.0
2870,3.0
2871,2.0
2872,2.0
2873,1.0
2874,1.0
2875,2.0
2876,2.0
2877,2.0
2878,1.0
2879,2.0
2880,3.0
2881,0.0
2882,0.0
2883,4.0
2884,2.0
2885,2.0
2886,2.0
2887,1.0
2888,2.0
2889,1.0
2890,2.0
2891,3.0
2892,1.0
2893,0.0
2894,3.0
2895,2.0
2896,2.0
2897,3.0
2898,1.0
2899,3.0
2900,1.0
2901,0.0
2902,2.0
2903,0.0
2904,1.0
2905,3.0
2906,0.0
2907,3.0
2908,3.0
2909,2.0
2910,0.0
2911,0.0
2912,2.0
2913,0.0
2914,4.0
2915,1.0
2916,4.0
2917,4.0
2918,1.0
2919,3.0
2920,0.0
2921,0.0
2922,1.0
2923,1.0
2924,4.0
2925,1.0
2926,2.0
2927,2.0
2928,4.0
2929,2.0
2930,2.0
2931,4.0
2932,2.0
2933,2.0
2934,0.0
2935,0.0
2936,1.0
2937,0.0
2938,1.0
2939,0.0
2940,3.0
2941,0.0
2942,1.0
2943,2.0
2944,3.0
2945,1.0
2946,2.0
2947,2.0
2948,2.0
2949,0.0
2950,1.0
2951,0.0
2952,2.0
2953,0.0
2954,2.0
2955,1.0
2956,2.0
2957,0.0
2958,3.0
2959,2.0
2960,0.0
2961,2.0
2962,0.0
2963,1.0
2964,0.0
2965,4.0
2966,0.0
2967,1.0
2968,0.0
2969,1.0
2970,3.0
2971,3.0
2972,3.0
2973,2.0
2974,3.0
2975,0.0
2976,0.0
2977,1.0
2978,0.0
2979,1.0
2980,1.0
2981,0.0
2982,1.0
2983,0.0
2984,1.0
2985,0.0
2986,1.0
2987,1.0
2988,1.0
2989,2.0
2990,1.0
2991,2.0
2992,1.0
2993,4.0
2994,3.0
2995,2.0
2996,2.0
2997,3.0
2998,1.0
2999,2.0
3000,3.0
3001,1.0
3002,2.0
3003,3.0
3004,2.0
3005,3.0
3006,1.0
3007,1.0
3008,2.0
3009,0.0
3010,1.0
3011,0.0
3012,3.0
3013,1.0
3014,0.0
3015,2.0
3016,3.0
3017,2.0
3018,0.0
3019,2.0
3020,3.0
3021,1.0
3022,0.0
3023,3.0
3024,0.0
3025,0.0
3026,1.0
3027,1.0
3028,2.0
3029,0.0
3030,1.0
3031,2.0
3032,0.0
3033,1.0
3034,1.0
3035,1.0
3036,2.0
3037,4.0
3038,1.0
3039,0.0
3040,2.0
3041,4.0
3042,3.0
3043,0.0
3044,2.0
3045,1.0
3046,4.0
3047,1.0
3048,2.0
3049,3.0
3050,4.0
3051,3.0
3052,3.0
3053,0.0
3054,3.0
3055,0.0
3056,3.0
3057,1.0
3058,1.0
3059,1.0
3060,3.0
3061,1.0
3062,4.0
3063,4.0
3064,3.0
3065,1.0
3066,0.0
3067,2.0
3068,1.0
3069,0.0
3070,2.0
3071,4.0
3072,3.0
3073,0.0
3074,1.0
3075,1.0
3076,4.0
3077,1.0
3078,1.0
3079,0.0
3080,2.0
3081,2.0
3082,0.0
3083,0.0
3084,2.0
3085,1.0
3086,0.0
3087,3.0
3088,2.0
3089,2.0
3090,3.0
3091,2.0
3092,2.0
3093,1.0
3094,2.0
3095,1.0
3096,1.0
3097,2.0
3098,0.0
3099,3.0
3100,0.0
3101,0.0
3102,1.0
3103,2.0
3104,2.0
3105,1.0
3106,1.0
3107,0.0
3108,1.0
3109,2.0
3110,0.0
3111,2.0
3112,3.0
3113,1.0
3114,1.0
3115,0.0
3116,3.0
3117,0.0
3118,4.0
3119,0.0
3120,0.0
3121,4.0
3122,0.0
3123,2.0
3124,2.0
3125,1.0
3126,0.0
3127,3.0
3128,4.0
3129,0.0
3130,1.0
3131,2.0
3132,1.0
3133,2.0
3134,0.0
3135,0.0
3136,0.0
3137,3.0
3138,2.0
3139,2.0
3140,0.0
3141,0.0
3142,2.0
3143,0.0
3144,0.0
3145,0.0
3146,2.0
3147,0.0
3148,1.0
3149,2.0
3150,0.0
3151,0.0
3152,2.0
3153,4.0
3154,2.0
3155,3.0
3156,0.0
3157,0.0
3158,1.0
3159,3.0
3160,2.0
3161,0.0
3162,2.0
3163,2.0
3164,1.0
3165,3.0
3166,1.0
3167,3.0
3168,0.0
3169,3.0
3170,3.0
3171,3.0
3172,0.0
3173,0.0
3174,2.0
3175,2.0
3176,3.0
3177,1.0
3178,4.0
3179,3.0
3180,1.0
3181,0.0
3182,0.0
3183,3.0
3184,3.0
3185,0.0
3186,1.0
3187,2.0
3188,0.0
3189,1.0
3190,2.0
3191,3.0
3192,0.0
3193,3.0
3194,2.0
3195,4.0
3196,1.0
3197,2.0
3198,0.0
3199,1.0
3200,3.0
3201,0.0
3202,1.0
3203,2.0
3204,1.0
3205,2.0
3206,3.0
3207,0.0
3208,2.0
3209,1.0
3210,1.0
3211,0.0
3212,0.0
3213,0.0
3214,1.0
3215,0.0
3216,2.0
3217,0.0
3218,0.0
3219,0.0
3220,3.0
3221,1.0
3222,4.0
3223,0.0
3224,1.0
3225,1.0
3226,0.0
3227,3.0
3228,1.0
3229,1.0
3230,4.0
3231,0.0
3232,3.0
3233,0.0
3234,0.0
3235,1.0
3236,0.0
3237,0.0
3238,3.0
3239,1.0
3240,0.0
3241,2.0
3242,3.0
3243,0.0
3244,1.0
3245,3.0
3246,3.0
3247,3.0
3248,1.0
3249,2.0
3250,0.0
3251,1.0
3252,2.0
3253,0.0
3254,2.0
3255,1.0
3256,1.0
3257,0.0
3258,3.0
3259,1.0
3260,1.0
3261,1.0
3262,0.0
3263,4.0
3264,2.0
3265,0.0
3266,1.0
3267,1.0
3268,1.0
3269,4.0
3270,2.0
3271,3.0
3272,0.0
3273,1.0
3274,1.0
3275,2.0
3276,1.0
3277,2.0
3278,1.0
3279,0.0
3280,4.0
3281,3.0
3282,2.0
3283,1.0
3284,2.0
3285,0.0
3286,4.0
3287,1.0
3288,2.0
3289,1.0
3290,0.0
3291,1.0
3292,0.0
3293,2.0
3294,3.0
3295,2.0
3296,0.0
3297,2.0
3298,2.0
3299,4.0
3300,2.0
3301,1.0
3302,2.0
3303,2.0
3304,2.0
3305,0.0
3306,1.0
3307,2.0
3308,2.0
3309,0.0
3310,2.0
3311,4.0
3312,2.0
3313,0.0
3314,0.0
3315,4.0
3316,1.0
3317,2.0
3318,1.0
3319,0.0
3320,1.0
3321,2.0
3322,0.0
3323,0.0
3324,4.0
3325,0.0
3326,2.0
3327,2.0
3328,4.0
3329,1.0
3330,3.0
3331,1.0
3332,3.0
3333,2.0
3334,2.0
3335,1.0
3336,2.0
3337,0.0
3338,0.0
3339,0.0
3340,2.0
3341,4.0
3342,1.0
3343,1.0
3344,2.0
3345,3.0
3346,4.0
3347,2.0
3348,1.0
3349,1.0
3350,1.0
3351,1.0
3352,0.0
3353,1.0
3354,1.0
3355,1.0
3356,1.0
3357,2.0
3358,3.0
3359,0.0
3360,2.0
3361,1.0
3362,4.0
3363,1.0
3364,0.0
3365,3.0
3366,4.0
3367,1.0
3368,1.0
3369,1.0
3370,2.0
3371,3.0
3372,2.0
3373,4.0
3374,1.0
3375,1.0
3376,0.0
3377,1.0
3378,0.0
3379,1.0
3380,2.0
3381,0.0
3382,2.0
3383,1.0
3384,2.0
3385,0.0
3386,0.0
3387,2.0
3388,0.0
3389,0.0
3390,3.0
3391,2.0
3392,3.0
3393,2.0
3394,0.0
3395,2.0
3396,2.0
3397,1.0
3398,2.0
3399,0.0
3400,0.0
3401,2.0
3402,3.0
3403,2.0
3404,4.0
3405,2.0
3406,0.0
3407,0.0
3408,0.0
3409,2.0
3410,2.0
3411,1.0
3412,1.0
3413,2.0
3414,4.0
3415,1.0
3416,4.0
3417,1.0
3418,1.0
3419,0.0
3420,2.0
3421,0.0
3422,0.0
3423,1.0
3424,3.0
3425,2.0
3426,2.0
3427,4.0
3428,0.0
3429,0.0
3430,1.0
3431,1.0
3432,3.0
3433,4.0
3434,2.0
3435,2.0
3436,4.0
3437,0.0
3438,2.0
3439,1.0
3440,2.0
3441,0.0
3442,2.0
3443,0.0
3444,4.0
3445,2.0
3446,2.0
3447,3.0
3448,0.0
3449,0.0
3450,4.0
3451,1.0
3452,3.0
3453,0.0
3454,3.0
3455,2.0
3456,0.0
3457,2.0
3458,2.0
3459,0.0
3460,3.0
3461,1.0
3462,4.0
3463,1.0
3464,1.0
3465,4.0
3466,3.0
3467,1.0
3468,0.0
3469,1.0
3470,2.0
3471,1.0
3472,4.0
3473,0.0
3474,2.0
3475,3.0
3476,1.0
3477,2.0
3478,0.0
3479,2.0
3480,0.0
3481,1.0
3482,2.0
3483,3.0
3484,2.0
3485,0.0
3486,1.0
3487,2.0
3488,1.0
3489,2.0
3490,0.0
3491,0.0
3492,0.0
3493,0.0
3494,3.0
3495,2.0
3496,2.0
3497,1.0
3498,0.0
3499,4.0
3500,0.0
3501,0.0
3502,1.0
3503,0.0
3504,1.0
3505,2.0
3506,0.0
3507,0.0
3508,3.0
3509,2.0
3510,0.0
3511,3.0
3512,0.0
3513,2.0
3514,4.0
3515,0.0
3516,2.0
3517,3.0
3518,1.0
3519,0.0
3520,2.0
3521,0.0
3522,0.0
3523,3.0
3524,2.0
3525,1.0
3526,3.0
3527,0.0
3528,3.0
3529,3.0
3530,3.0
3531,0.0
3532,1.0
3533,1.0
3534,3.0
3535,1.0
3536,0.0
3537,2.0
3538,3.0
3539,2.0
3540,1.0
3541,1.0
3542,4.0
3543,2.0
3544,1.0
3545,4.0
3546,1.0
3547,0.0
3548,2.0
3549,1.0
3550,2.0
3551,3.0
3552,3.0
3553,2.0
3554,0.0
3555,2.0
3556,2.0
3557,2.0
3558,2.0
3559,0.0
3560,0.0
3561,0.0
3562,1.0
3563,0.0
3564,3.0
3565,2.0
3566,1.0
3567,1.0
3568,2.0
3569,1.0
3570,3.0
3571,1.0
3572,0.0
3573,2.0
3574,2.0
3575,0.0
3576,0.0
3577,3.0
3578,3.0
3579,1.0
3580,3.0
3581,0.0
3582,1.0
3583,2.0
3584,0.0
3585,1.0
3586,2.0
3587,0.0
3588,3.0
3589,0.0
3590,2.0
3591,0.0
3592,1.0
3593,4.0
3594,3.0
3595,4.0
3596,2.0
3597,3.0
3598,0.0
3599,0.0
3600,2.0
3601,1.0
3602,0.0
3603,3.0
3604,0.0
3605,2.0
3606,0.0
3607,1.0
3608,0.0
3609,1.0
3610,3.0
3611,3.0
3612,0.0
3613,2.0
3614,2.0
3615,0.0
3616,1.0
3617,1.0
3618,3.0
3619,0.0
3620,0.0
3621,0.0
3622,1.0
3623,3.0
3624,0.0
3625,0.0
3626,2.0
3627,2.0
3628,0.0
3629,3.0
3630,1.0
3631,1.0
3632,4.0
3633,4.0
3634,1.0
3635,0.0
3636,0.0
3637,0.0
3638,2.0
3639,1.0
3640,0.0
3641,4.0
3642,1.0
3643,1.0
3644,0.0
3645,3.0
3646,3.0
3647,2.0
3648,0.0
3649,3.0
3650,3.0
3651,0.0
3652,2.0
3653,0.0
3654,1.0
3655,0.0
3656,4.0
3657,3.0
3658,2.0
3659,1.0
3660,4.0
3661,1.0
3662,2.0
3663,2.0
3664,0.0
3665,2.0
3666,2.0
3667,0.0
3668,2.0
3669,1.0
3670,4.0
3671,3.0
3672,1.0
3673,0.0
3674,3.0
3675,1.0
3676,1.0
3677,0.0
3678,0.0
3679,3.0
3680,0.0
3681,1.0
3682,2.0
3683,3.0
3684,2.0
3685,3.0
3686,0.0
3687,0.0
3688,1.0
3689,4.0
3690,1.0
3691,3.0
3692,1.0
3693,3.0
3694,1.0
3695,0.0
3696,1.0
3697,0.0
3698,1.0
3699,3.0
3700,0.0
3701,2.0
3702,0.0
3703,0.0
3704,3.0
3705,2.0
3706,2.0
3707,0.0
3708,0.0
3709,0.0
3710,3.0
3711,0.0
3712,0.0
3713,2.0
3714,3.0
3715,2.0
3716,0.0
3717,0.0
3718,3.0
3719,0.0
3720,0.0
3721,1.0
3722,1.0
3723,2.0
3724,1.0
3725,2.0
3726,0.0
3727,0.0
3728,0.0
3729,1.0
3730,0.0
3731,1.0
3732,3.0
3733,0.0
3734,1.0
3735,0.0
3736,0.0
3737,0.0
3738,3.0
3739,0.0
3740,0.0
3741,0.0
3742,3.0
3743,0.0
3744,1.0
3745,2.0
3746,2.0
3747,3.0
3748,1.0
3749,3.0
3750,0.0
3751,3.0
3752,3.0
3753,2.0
3754,4.0
3755,1.0
3756,3.0
3757,2.0
3758,2.0
3759,1.0
3760,2.0
3761,0.0
3762,0.0
3763,0.0
3764,1.0
3765,1.0
3766,0.0
3767,2.0
3768,3.0
3769,1.0
3770,0.0
3771,0.0
3772,1.0
3773,1.0
3774,0.0
3775,2.0
3776,1.0
3777,4.0
3778,3.0
3779,0.0
3780,2.0
3781,0.0
3782,2.0
3783,3.0
3784,1.0
3785,1.0
3786,0.0
3787,0.0
3788,0.0
3789,3.0
3790,1.0
3791,1.0
3792,1.0
3793,1.0
3794,0.0
3795,0.0
3796,0.0
3797,0.0
3798,3.0
3799,0.0
3800,2.0
3801,4.0
3802,2.0
3803,2.0
3804,0.0
3805,3.0
3806,3.0
3807,4.0
3808,2.0
3809,0.0
3810,1.0
3811,1.0
3812,4.0
3813,0.0
3814,1.0
3815,1.0
3816,2.0
3817,3.0
3818,2.0
3819,1.0
3820,1.0
3821,0.0
3822,2.0
3823,1.0
3824,2.0
3825,0.0
3826,2.0
3827,1.0
3828,1.0
3829,0.0
3830,0.0
3831,1.0
3832,1.0
3833,0.0
3834,0.0
3835,1.0
3836,1.0
3837,0.0
3838,3.0
3839,1.0
3840,3.0
3841,2.0
3842,0.0
3843,1.0
3844,2.0
3845,4.0
3846,4.0
3847,2.0
3848,2.0
3849,1.0
3850,2.0
3851,1.0
3852,0.0
3853,2.0
3854,2.0
3855,4.0
3856,0.0
3857,0.0
3858,1.0
3859,1.0
3860,4.0
3861,0.0
3862,0.0
3863,0.0
3864,2.0
3865,1.0
3866,2.0
3867,2.0
3868,0.0
3869,0.0
3870,2.0
3871,3.0
3872,1.0
3873,2.0
3874,1.0
3875,0.0
3876,0.0
3877,2.0
3878,2.0
3879,2.0
3880,1.0
3881,1.0
3882,1.0
3883,2.0
3884,4.0
3885,4.0
3886,2.0
3887,0.0
3888,3.0
3889,2.0
3890,0.0
3891,4.0
3892,4.0
3893,1.0
3894,0.0
3895,3.0
3896,2.0
3897,0.0
3898,0.0
3899,1.0
3900,0.0
3901,1.0
3902,3.0
3903,1.0
3904,2.0
3905,2.0
3906,2.0
3907,2.0
3908,0.0
3909,1.0
3910,0.0
3911,1.0
3912,1.0
3913,1.0
3914,2.0
3915,3.0
3916,0.0
3917,1.0
3918,2.0
3919,0.0
3920,0.0
3921,2.0
3922,1.0
3923,1.0
3924,0.0
3925,4.0
3926,0.0
3927,4.0
3928,0.0
3929,2.0
3930,0.0
3931,3.0
3932,0.0
3933,3.0
3934,0.0
3935,0.0
3936,1.0
3937,2.0
3938,1.0
3939,4.0
3940,0.0
3941,1.0
3942,0.0
3943,2.0
3944,4.0
3945,3.0
3946,0.0
3947,2.0
3948,2.0
3949,2.0
3950,0.0
3951,0.0
3952,0.0
3953,2.0
3954,2.0
3955,4.0
3956,2.0
3957,3.0
3958,1.0
3959,0.0
3960,1.0
3961,0.0
3962,0.0
3963,0.0
3964,1.0
3965,2.0
3966,3.0
3967,2.0
3968,0.0
3969,3.0
3970,2.0
3971,1.0
3972,0.0
3973,2.0
3974,1.0
3975,2.0
3976,0.0
3977,2.0
3978,1.0
3979,1.0
3980,0.0
3981,2.0
3982,3.0
3983,4.0
3984,0.0
3985,3.0
3986,1.0
3987,3.0
3988,2.0
3989,0.0
3990,1.0
3991,2.0
3992,3.0
3993,2.0
3994,3.0
3995,3.0
3996,0.0
3997,1.0
3998,1.0
3999,0.0
4000,1.0
4001,3.0
4002,2.0
4003,2.0
4004,1.0
4005,4.0
4006,2.0
4007,2.0
4008,1.0
4009,1.0
4010,3.0
4011,0.0
4012,0.0
4013,3.0
4014,2.0
4015,1.0
4016,1.0
4017,2.0
4018,1.0
4019,0.0
4020,0.0
4021,2.0
4022,1.0
4023,4.0
4024,2.0
4025,0.0
4026,3.0
4027,0.0
4028,1.0
4029,0.0
4030,2.0
4031,0.0
4032,0.0
4033,4.0
4034,0.0
4035,1.0
4036,3.0
4037,1.0
4038,4.0
4039,2.0
4040,0.0
4041,1.0
4042,0.0
4043,0.0
4044,0.0
4045,3.0
4046,4.0
4047,0.0
4048,2.0
4049,1.0
4050,0.0
4051,1.0
4052,0.0
4053,3.0
4054,0.0
4055,4.0
4056,1.0
4057,2.0
4058,2.0
4059,4.0
4060,4.0
4061,0.0
4062,1.0
4063,1.0
4064,2.0
4065,1.0
4066,1.0
4067,0.0
4068,1.0
4069,2.0
4070,3.0
4071,0.0
4072,3.0
4073,2.0
4074,2.0
4075,0.0
4076,1.0
4077,0.0
4078,2.0
4079,1.0
4080,1.0
4081,1.0
4082,2.0
4083,3.0
4084,2.0
4085,1.0
4086,1.0
4087,0.0
4088,0.0
4089,2.0
4090,1.0
4091,0.0
4092,0.0
4093,0.0
4094,0.0
4095,1.0
4096,0.0
4097,2.0
4098,1.0
4099,3.0
4100,1.0
4101,3.0
4102,2.0
4103,1.0
4104,0.0
4105,3.0
4106,2.0
4107,2.0
4108,3.0
4109,3.0
4110,1.0
4111,2.0
4112,1.0
4113,0.0
4114,2.0
4115,0.0
4116,4.0
4117,0.0
4118,0.0
4119,2.0
4120,1.0
4121,1.0
4122,0.0
4123,1.0
4124,3.0
4125,1.0
4126,0.0
4127,1.0
4128,2.0
4129,1.0
4130,4.0
4131,1.0
4132,0.0
4133,0.0
4134,3.0
4135,2.0
4136,1.0
4137,0.0
4138,1.0
4139,1.0
4140,0.0
4141,0.0
4142,2.0
4143,3.0
4144,0.0
4145,1.0
4146,0.0
4147,2.0
4148,3.0
4149,1.0
4150,0.0
4151,1.0
4152,0.0
4153,2.0
4154,2.0
4155,2.0
4156,2.0
4157,1.0
4158,2.0
4159,4.0
4160,2.0
4161,1.0
4162,0.0
4163,0.0
4164,1.0
4165,0.0
4166,1.0
4167,0.0
4168,0.0
4169,3.0
4170,2.0
4171,2.0
4172,1.0
4173,1.0
4174,0.0
4175,0.0
4176,2.0
4177,3.0
4178,2.0
4179,3.0
4180,0.0
4181,2.0
4182,4.0
4183,0.0
4184,1.0
4185,2.0
4186,3.0
4187,0.0
4188,2.0
4189,2.0
4190,2.0
4191,2.0
4192,1.0
4193,0.0
4194,0.0
4195,1.0
4196,2.0
4197,1.0
4198,3.0
4199,2.0
4200,2.0
4201,2.0
4202,1.0
4203,0.0
4204,1.0
4205,0.0
4206,0.0
4207,1.0
4208,4.0
4209,3.0
4210,2.0
4211,1.0
4212,1.0
4213,4.0
4214,1.0
4215,0.0
4216,0.0
4217,1.0
4218,1.0
4219,0.0
4220,1.0
4221,1.0
4222,2.0
4223,2.0
4224,2.0
4225,0.0
4226,2.0
4227,2.0
4228,0.0
4229,4.0
4230,0.0
4231,3.0
4232,1.0
4233,0.0
4234,1.0
4235,0.0
4236,1.0
4237,2.0
4238,4.0
4239,2.0
4240,2.0
4241,0.0
4242,0.0
4243,1.0
4244,4.0
4245,1.0
4246,0.0
4247,2.0
4248,2.0
4249,0.0
4250,0.0
4251,1.0
4252,0.0
4253,2.0
4254,1.0
4255,3.0
4256,2.0
4257,1.0
4258,2.0
4259,0.0
4260,1.0
4261,1.0
4262,0.0
4263,4.0
4264,1.0
4265,2.0
4266,2.0
4267,2.0
4268,0.0
4269,2.0
4270,1.0
4271,3.0
4272,0.0
4273,2.0
4274,4.0
4275,1.0
4276,3.0
4277,1.0
4278,3.0
4279,4.0
4280,3.0
4281,1.0
4282,1.0
4283,2.0
4284,0.0
4285,3.0
4286,1.0
4287,0.0
4288,3.0
4289,1.0
4290,2.0
4291,3.0
4292,2.0
4293,1.0
4294,3.0
4295,2.0
4296,2.0
4297,1.0
4298,0.0
4299,0.0
4300,1.0
4301,3.0
4302,2.0
4303,1.0
4304,1.0
4305,1.0
4306,3.0
4307,2.0
4308,0.0
4309,1.0
4310,3.0
4311,3.0
4312,1.0
4313,1.0
4314,0.0
4315,2.0
4316,0.0
4317,0.0
4318,0.0
4319,3.0
4320,1.0
4321,0.0
4322,2.0
4323,1.0
4324,2.0
4325,2.0
4326,1.0
4327,1.0
4328,0.0
4329,3.0
4330,2.0
4331,2.0
4332,0.0
4333,3.0
4334,1.0
4335,3.0
4336,3.0
4337,1.0
4338,0.0
4339,0.0
4340,1.0
4341,3.0
4342,2.0
4343,1.0
4344,1.0
4345,3.0
4346,2.0
4347,1.0
4348,4.0
4349,3.0
4350,2.0
4351,0.0
4352,2.0
4353,1.0
4354,3.0
4355,1.0
4356,2.0
4357,4.0
4358,2.0
4359,2.0
4360,0.0
4361,1.0
4362,1.0
4363,2.0
4364,1.0
4365,1.0
4366,2.0
4367,1.0
4368,0.0
4369,1.0
4370,1.0
4371,0.0
4372,1.0
4373,1.0
4374,1.0
4375,3.0
4376,0.0
4377,2.0
4378,2.0
4379,1.0
4380,1.0
4381,1.0
4382,1.0
4383,1.0
4384,2.0
4385,0.0
4386,1.0
4387,0.0
4388,1.0
4389,1.0
4390,0.0
4391,3.0
4392,4.0
4393,1.0
4394,1.0
4395,2.0
4396,4.0
4397,1.0
4398,2.0
4399,1.0
4400,1.0
4401,2.0
4402,1.0
4403,3.0
4404,1.0
4405,2.0
4406,0.0
4407,2.0
4408,2.0
4409,1.0
4410,2.0
4411,0.0
4412,0.0
4413,2.0
4414,1.0
4415,0.0
4416,3.0
4417,2.0
4418,4.0
4419,4.0
4420,2.0
4421,2.0
4422,0.0
4423,0.0
4424,4.0
4425,1.0
4426,0.0
4427,2.0
4428,1.0
4429,4.0
4430,4.0
4431,0.0
4432,2.0
4433,1.0
4434,3.0
4435,1.0
4436,4.0
4437,0.0
4438,2.0
4439,1.0
4440,0.0
4441,0.0
4442,2.0
4443,0.0
4444,2.0
4445,0.0
4446,2.0
4447,1.0
4448,4.0
4449,0.0
4450,2.0
4451,0.0
4452,1.0
4453,2.0
4454,0.0
4455,0.0
4456,0.0
4457,3.0
4458,1.0
4459,2.0
4460,0.0
4461,0.0
4462,2.0
4463,0.0
4464,4.0
4465,4.0
4466,3.0
4467,1.0
4468,1.0
4469,2.0
4470,0.0
4471,3.0
4472,1.0
4473,0.0
4474,0.0
4475,1.0
4476,3.0
4477,1.0
4478,0.0
4479,3.0
4480,1.0
4481,1.0
4482,2.0
4483,1.0
4484,3.0
4485,2.0
4486,2.0
4487,2.0
4488,1.0
4489,0.0
4490,3.0
4491,3.0
4492,0.0
4493,0.0
4494,0.0
4495,1.0
4496,0.0
4497,2.0
4498,1.0
4499,0.0
4500,0.0
4501,2.0
4502,0.0
4503,2.0
4504,2.0
4505,2.0
4506,3.0
4507,2.0
4508,0.0
4509,2.0
4510,3.0
4511,4.0
4512,1.0
4513,2.0
4514,0.0
4515,0.0
4516,1.0
4517,2.0
4518,1.0
4519,0.0
4520,2.0
4521,2.0
4522,0.0
4523,0.0
4524,2.0
4525,3.0
4526,0.0
4527,1.0
4528,3.0
4529,1.0
4530,2.0
4531,4.0
4532,0.0
4533,3.0
4534,3.0
4535,1.0
4536,2.0
4537,0.0
4538,1.0
4539,4.0
4540,0.0
4541,2.0
4542,3.0
4543,3.0
4544,2.0
4545,0.0
4546,0.0
4547,1.0
4548,3.0
4549,4.0
4550,0.0
4551,2.0
4552,4.0
4553,2.0
4554,2.0
4555,2.0
4556,3.0
4557,2.0
4558,4.0
4559,0.0
4560,2.0
4561,1.0
4562,4.0
4563,1.0
4564,1.0
4565,0.0
4566,1.0
4567,2.0
4568,0.0
4569,2.0
4570,1.0
4571,0.0
4572,0.0
4573,1.0
4574,2.0
4575,4.0
4576,3.0
4577,2.0
4578,3.0
4579,1.0
4580,1.0
4581,1.0
4582,0.0
4583,3.0
4584,0.0
4585,3.0
4586,2.0
4587,1.0
4588,2.0
4589,0.0
4590,3.0
4591,2.0
4592,1.0
4593,4.0
4594,3.0
4595,4.0
4596,1.0
4597,1.0
4598,2.0
4599,0.0
4600,2.0
4601,1.0
4602,2.0
4603,2.0
4604,2.0
4605,0.0
4606,0.0
4607,2.0
4608,0.0
4609,2.0
4610,2.0
4611,2.0
4612,2.0
4613,2.0
4614,3.0
4615,0.0
4616,0.0
4617,2.0
4618,2.0
4619,3.0
4620,1.0
4621,2.0
4622,2.0
4623,2.0
4624,3.0
4625,3.0
4626,3.0
4627,2.0
4628,2.0
4629,3.0
4630,2.0
4631,3.0
4632,2.0
4633,1.0
4634,4.0
4635,2.0
4636,1.0
4637,0.0
4638,2.0
4639,4.0
4640,2.0
4641,3.0
4642,3.0
4643,0.0
4644,0.0
4645,2.0
4646,0.0
4647,2.0
4648,2.0
4649,2.0
4650,1.0
4651,1.0
4652,2.0
4653,0.0
4654,3.0
4655,1.0
4656,0.0
4657,4.0
4658,0.0
4659,0.0
4660,1.0
4661,1.0
4662,4.0
4663,1.0
4664,1.0
4665,1.0
4666,0.0
4667,1.0
4668,2.0
4669,3.0
4670,0.0
4671,0.0
4672,2.0
4673,1.0
4674,1.0
4675,3.0
4676,2.0
4677,0.0
4678,1.0
4679,1.0
4680,1.0
4681,0.0
4682,0.0
4683,2.0
4684,0.0
4685,2.0
4686,2.0
4687,2.0
4688,0.0
4689,4.0
4690,2.0
4691,3.0
4692,4.0
4693,0.0
4694,2.0
4695,0.0
4696,1.0
4697,3.0
4698,1.0
4699,2.0
4700,1.0
4701,0.0
4702,0.0
4703,3.0
4704,3.0
4705,1.0
4706,1.0
4707,0.0
4708,3.0
4709,1.0
4710,0.0
4711,0.0
4712,4.0
4713,1.0
4714,1.0
4715,2.0
4716,1.0
4717,2.0
4718,0.0
4719,2.0
4720,3.0
4721,2.0
4722,2.0
4723,3.0
4724,3.0
4725,1.0
4726,2.0
4727,0.0
4728,4.0
4729,4.0
4730,1.0
4731,0.0
4732,2.0
4733,0.0
4734,2.0
4735,1.0
4736,3.0
4737,2.0
4738,2.0
4739,4.0
4740,1.0
4741,0.0
4742,2.0
4743,3.0
4744,0.0
4745,1.0
4746,2.0
4747,0.0
4748,4.0
4749,0.0
4750,0.0
4751,0.0
4752,0.0
4753,0.0
4754,2.0
4755,1.0
4756,1.0
4757,0.0
4758,0.0
4759,1.0
4760,2.0
4761,1.0
4762,0.0
4763,0.0
4764,3.0
4765,0.0
4766,2.0
4767,4.0
4768,0.0
4769,1.0
4770,1.0
4771,1.0
4772,0.0
4773,1.0
4774,2.0
4775,1.0
4776,3.0
4777,2.0
4778,2.0
4779,1.0
4780,0.0
4781,0.0
4782,3.0
4783,1.0
4784,1.0
4785,2.0
4786,1.0
4787,0.0
4788,0.0
4789,0.0
4790,1.0
4791,4.0
4792,0.0
4793,1.0
4794,1.0
4795,1.0
4796,1.0
4797,0.0
4798,1.0
4799,0.0
4800,1.0
4801,3.0
4802,2.0
4803,1.0
4804,1.0
4805,2.0
4806,1.0
4807,2.0
4808,0.0
4809,0.0
4810,1.0
4811,1.0
4812,3.0
4813,3.0
4814,0.0
4815,4.0
4816,3.0
4817,0.0
4818,1.0
4819,4.0
4820,0.0
4821,1.0
4822,1.0
4823,1.0
4824,1.0
4825,3.0
4826,2.0
4827,0.0
4828,0.0
4829,1.0
4830,1.0
4831,0.0
4832,1.0
4833,1.0
4834,2.0
4835,4.0
4836,0.0
4837,3.0
4838,2.0
4839,3.0
4840,1.0
4841,2.0
4842,0.0
4843,2.0
4844,3.0
4845,1.0
4846,1.0
4847,0.0
4848,1.0
4849,4.0
4850,3.0
4851,1.0
4852,0.0
4853,1.0
4854,3.0
4855,0.0
4856,2.0
4857,1.0
4858,2.0
4859,2.0
4860,3.0
4861,0.0
4862,2.0
4863,1.0
4864,2.0
4865,0.0
4866,2.0
4867,4.0
4868,0.0
4869,2.0
4870,4.0
4871,0.0
4872,0.0
4873,0.0
4874,4.0
4875,0.0
4876,3.0
4877,3.0
4878,1.0
4879,3.0
4880,1.0
4881,1.0
4882,0.0
4883,1.0
4884,2.0
4885,0.0
4886,4.0
4887,4.0
4888,4.0
4889,0.0
4890,0.0
4891,1.0
4892,3.0
4893,2.0
4894,3.0
4895,2.0
4896,4.0
4897,1.0
4898,2.0
4899,2.0
4900,1.0
4901,1.0
4902,0.0
4903,2.0
4904,1.0
4905,3.0
4906,4.0
4907,2.0
4908,2.0
4909,0.0
4910,2.0
4911,0.0
4912,0.0
4913,0.0
4914,0.0
4915,2.0
4916,3.0
4917,0.0
4918,2.0
4919,0.0
4920,1.0
4921,2.0
4922,0.0
4923,1.0
4924,1.0
4925,3.0
4926,0.0
4927,0.0
4928,4.0
4929,2.0
4930,0.0
4931,2.0
4932,2.0
4933,2.0
4934,3.0
4935,0.0
4936,2.0
4937,1.0
4938,1.0
4939,1.0
4940,2.0
4941,3.0
4942,0.0
4943,1.0
4944,3.0
4945,0.0
4946,3.0
4947,0.0
4948,1.0
4949,0.0
4950,1.0
4951,0.0
4952,0.0
4953,1.0
4954,1.0
4955,1.0
4956,0.0
4957,1.0
4958,0.0
4959,0.0
4960,2.0
4961,0.0
4962,2.0
4963,3.0
4964,0.0
4965,1.0
4966,0.0
4967,0.0
4968,2.0
4969,0.0
4970,4.0
4971,1.0
4972,0.0
4973,2.0
4974,3.0
4975,1.0
4976,2.0
4977,2.0
4978,1.0
4979,2.0
4980,2.0
4981,3.0
4982,1.0
4983,3.0
4984,1.0
4985,0.0
4986,0.0
4987,4.0
4988,0.0
4989,3.0
4990,0.0
4991,4.0
4992,3.0
4993,2.0
4994,0.0
4995,2.0
4996,0.0
4997,1.0
4998,2.0
4999,4.0
5000,1.0
5001,2.0
5002,1.0
5003,1.0
5004,3.0
5005,0.0
5006,1.0
5007,1.0
5008,1.0
5009,0.0
5010,0.0
5011,0.0
5012,3.0
5013,2.0
5014,2.0
5015,3.0
5016,2.0
5017,3.0
5018,3.0
5019,2.0
5020,2.0
5021,2.0
5022,2.0
5023,1.0
5024,0.0
5025,1.0
5026,1.0
5027,3.0
5028,2.0
5029,1.0
5030,0.0
5031,1.0
5032,0.0
5033,2.0
5034,0.0
5035,2.0
5036,0.0
5037,2.0
5038,0.0
5039,3.0
5040,2.0
5041,0.0
5042,2.0
5043,0.0
5044,1.0
5045,4.0
5046,1.0
5047,1.0
5048,0.0
5049,1.0
5050,1.0
5051,0.0
5052,3.0
5053,1.0
5054,1.0
5055,0.0
5056,4.0
5057,4.0
5058,0.0
5059,0.0
5060,1.0
5061,0.0
5062,0.0
5063,0.0
5064,3.0
5065,2.0
5066,0.0
5067,1.0
5068,0.0
5069,1.0
5070,1.0
5071,1.0
5072,2.0
5073,0.0
5074,3.0
5075,3.0
5076,1.0
5077,2.0
5078,0.0
5079,2.0
5080,0.0
5081,1.0
5082,1.0
5083,1.0
5084,2.0
5085,2.0
5086,2.0
5087,0.0
5088,0.0
5089,0.0
5090,4.0
5091,0.0
5092,3.0
5093,1.0
5094,1.0
5095,0.0
5096,2.0
5097,2.0
5098,1.0
5099,0.0
5100,0.0
5101,0.0
5102,0.0
5103,1.0
5104,2.0
5105,1.0
5106,0.0
5107,1.0
5108,2.0
5109,1.0
5110,0.0
5111,2.0
5112,3.0
5113,1.0
5114,2.0
5115,1.0
5116,1.0
5117,0.0
5118,2.0
5119,0.0
5120,1.0
5121,3.0
5122,3.0
5123,0.0
5124,1.0
5125,1.0
5126,2.0
5127,3.0
5128,1.0
5129,0.0
5130,2.0
5131,2.0
5132,2.0
5133,2.0
5134,2.0
5135,4.0
5136,1.0
5137,1.0
5138,1.0
5139,1.0
5140,1.0
5141,2.0
5142,3.0
5143,1.0
5144,2.0
5145,3.0
5146,2.0
5147,4.0
5148,0.0
5149,1.0
5150,0.0
5151,0.0
5152,0.0
5153,2.0
5154,0.0
5155,3.0
5156,0.0
5157,1.0
5158,2.0
5159,2.0
5160,2.0
5161,0.0
5162,2.0
5163,3.0
5164,1.0
5165,4.0
5166,1.0
5167,1.0
5168,2.0
5169,2.0
5170,2.0
5171,0.0
5172,1.0
5173,1.0
5174,0.0
5175,0.0
5176,2.0
5177,1.0
5178,1.0
5179,2.0
5180,2.0
5181,0.0
5182,0.0
5183,0.0
5184,0.0
5185,1.0
5186,0.0
5187,1.0
5188,3.0
5189,3.0
5190,2.0
5191,0.0
5192,2.0
5193,2.0
5194,0.0
5195,2.0
5196,1.0
5197,1.0
5198,0.0
5199,0.0
5200,3.0
5201,0.0
5202,0.0
5203,1.0
5204,0.0
5205,0.0
5206,0.0
5207,1.0
5208,4.0
5209,3.0
5210,1.0
5211,0.0
5212,4.0
5213,1.0
5214,0.0
5215,1.0
5216,1.0
5217,4.0
5218,1.0
5219,0.0
5220,0.0
5221,0.0
5222,1.0
5223,2.0
5224,4.0
5225,4.0
5226,2.0
5227,2.0
5228,1.0
5229,2.0
5230,0.0
5231,0.0
5232,0.0
5233,2.0
5234,2.0
5235,1.0
5236,1.0
5237,0.0
5238,2.0
5239,4.0
5240,1.0
5241,1.0
5242,2.0
5243,0.0
5244,0.0
5245,3.0
5246,1.0
5247,2.0
5248,1.0
5249,0.0
5250,1.0
5251,0.0
5252,0.0
5253,2.0
5254,0.0
5255,1.0
5256,1.0
5257,2.0
5258,1.0
5259,2.0
5260,1.0
5261,0.0
5262,0.0
5263,1.0
5264,0.0
5265,0.0
5266,0.0
5267,2.0
5268,0.0
5269,0.0
5270,0.0
5271,1.0
5272,2.0
5273,2.0
5274,1.0
5275,1.0
5276,0.0
5277,2.0
5278,1.0
5279,1.0
5280,3.0
5281,3.0
5282,1.0
5283,0.0
5284,1.0
5285,2.0
5286,2.0
5287,4.0
5288,1.0
5289,0.0
5290,2.0
5291,3.0
5292,3.0
5293,2.0
5294,3.0
5295,1.0
5296,2.0
5297,2.0
5298,2.0
5299,2.0
5300,3.0
5301,3.0
5302,2.0
5303,2.0
5304,0.0
5305,0.0
5306,2.0
5307,1.0
5308,3.0
5309,0.0
5310,3.0
5311,0.0
5312,1.0
5313,1.0
5314,4.0
5315,0.0
5316,0.0
5317,1.0
5318,2.0
5319,2.0
5320,1.0
5321,1.0
5322,0.0
5323,0.0
5324,0.0
5325,1.0
5326,2.0
5327,2.0
5328,1.0
5329,3.0
5330,2.0
5331,3.0
5332,2.0
5333,2.0
5334,1.0
5335,1.0
5336,1.0
5337,3.0
5338,2.0
5339,3.0
5340,2.0
5341,3.0
5342,2.0
5343,2.0
5344,0.0
5345,2.0
5346,2.0
5347,1.0
5348,2.0
5349,1.0
5350,0.0
5351,1.0
5352,2.0
5353,2.0
5354,0.0
5355,0.0
5356,4.0
5357,2.0
5358,1.0
5359,2.0
5360,0.0
5361,0.0
5362,2.0
5363,2.0
5364,2.0
5365,1.0
5366,0.0
5367,0.0
5368,3.0
5369,0.0
5370,0.0
5371,4.0
5372,2.0
5373,2.0
5374,1.0
5375,3.0
5376,1.0
5377,2.0
5378,4.0
5379,0.0
5380,0.0
5381,3.0
5382,0.0
5383,0.0
5384,3.0
5385,4.0
5386,2.0
5387,0.0
5388,0.0
5389,0.0
5390,1.0
5391,0.0
5392,2.0
5393,0.0
5394,2.0
5395,2.0
5396,0.0
5397,0.0
5398,0.0
5399,3.0
5400,4.0
5401,2.0
5402,1.0
5403,2.0
5404,3.0
5405,1.0
5406,3.0
5407,0.0
5408,1.0
5409,2.0
5410,3.0
5411,4.0
5412,2.0
5413,4.0
5414,0.0
5415,2.0
5416,0.0
5417,4.0
5418,3.0
5419,2.0
5420,2.0
5421,0.0
5422,0.0
5423,1.0
5424,2.0
5425,2.0
5426,1.0
5427,2.0
5428,1.0
5429,1.0
5430,1.0
5431,1.0
5432,1.0
5433,3.0
5434,0.0
5435,4.0
5436,3.0
5437,1.0
5438,1.0
5439,4.0
5440,3.0
5441,0.0
5442,0.0
5443,0.0
5444,1.0
5445,0.0
5446,0.0
5447,0.0
5448,1.0
5449,3.0
5450,4.0
5451,2.0
5452,0.0
5453,3.0
5454,1.0
5455,2.0
5456,0.0
5457,3.0
5458,2.0
5459,0.0
5460,1.0
5461,2.0
5462,0.0
5463,1.0
5464,0.0
5465,2.0
5466,0.0
5467,1.0
5468,0.0
5469,1.0
5470,2.0
5471,0.0
5472,1.0
5473,1.0
5474,1.0
5475,0.0
5476,1.0
5477,3.0
5478,3.0
5479,1.0
5480,2.0
5481,2.0
5482,3.0
5483,2.0
5484,1.0
5485,1.0
5486,3.0
5487,4.0
5488,4.0
5489,2.0
5490,1.0
5491,1.0
5492,3.0
5493,2.0
5494,1.0
5495,0.0
5496,1.0
5497,0.0
5498,4.0
5499,1.0
5500,1.0
5501,2.0
5502,4.0
5503,1.0
5504,3.0
5505,1.0
5506,2.0
5507,1.0
5508,1.0
5509,2.0
5510,0.0
5511,1.0
5512,0.0
5513,3.0
5514,2.0
5515,0.0
5516,1.0
5517,3.0
5518,3.0
5519,0.0
5520,2.0
5521,3.0
5522,1.0
5523,1.0
5524,0.0
5525,0.0
5526,3.0
5527,2.0
5528,2.0
5529,2.0
5530,1.0
5531,3.0
5532,3.0
5533,1.0
5534,2.0
5535,3.0
5536,2.0
5537,1.0
5538,1.0
5539,0.0
5540,1.0
5541,2.0
5542,1.0
5543,0.0
5544,1.0
5545,1.0
5546,0.0
5547,1.0
5548,1.0
5549,2.0
5550,2.0
5551,3.0
5552,3.0
5553,1.0
5554,4.0
5555,2.0
5556,1.0
5557,0.0
5558,2.0
5559,2.0
5560,0.0
5561,0.0
5562,3.0
5563,2.0
5564,0.0
5565,0.0
5566,0.0
5567,1.0
5568,3.0
5569,1.0
5570,1.0
5571,0.0
5572,2.0
5573,1.0
5574,3.0
5575,0.0
5576,1.0
5577,0.0
5578,4.0
5579,1.0
5580,4.0
5581,3.0
5582,0.0
5583,1.0
5584,0.0
5585,2.0
5586,1.0
5587,0.0
5588,3.0
5589,1.0
5590,4.0
5591,4.0
5592,3.0
5593,2.0
5594,2.0
5595,3.0
5596,2.0
5597,1.0
5598,1.0
5599,0.0
5600,2.0
5601,0.0
5602,0.0
5603,2.0
5604,1.0
5605,1.0
5606,2.0
5607,1.0
5608,1.0
5609,2.0
5610,2.0
5611,2.0
5612,1.0
5613,0.0
5614,0.0
5615,3.0
5616,3.0
5617,2.0
5618,1.0
5619,3.0
5620,1.0
5621,0.0
5622,1.0
5623,2.0
5624,3.0
5625,0.0
5626,1.0
5627,3.0
5628,4.0
5629,1.0
5630,2.0
5631,0.0
5632,2.0
5633,1.0
5634,0.0
5635,0.0
5636,0.0
5637,1.0
5638,1.0
5639,3.0
5640,0.0
5641,1.0
5642,2.0
5643,1.0
5644,1.0
5645,4.0
5646,2.0
5647,0.0
5648,0.0
5649,2.0
5650,3.0
5651,1.0
5652,2.0
5653,3.0
5654,2.0
5655,2.0
5656,3.0
5657,1.0
5658,3.0
5659,4.0
5660,3.0
5661,1.0
5662,0.0
5663,2.0
5664,1.0
5665,2.0
5666,2.0
5667,4.0
5668,2.0
5669,4.0
5670,4.0
5671,2.0
5672,2.0
5673,0.0
5674,3.0
5675,0.0
5676,4.0
5677,0.0
5678,2.0
5679,2.0
5680,2.0
5681,0.0
5682,2.0
5683,1.0
5684,0.0
5685,1.0
5686,2.0
5687,0.0
5688,4.0
5689,0.0
5690,0.0
5691,1.0
5692,2.0
5693,3.0
5694,2.0
5695,1.0
5696,1.0
5697,1.0
5698,0.0
5699,4.0
5700,4.0
5701,3.0
5702,0.0
5703,2.0
5704,1.0
5705,1.0
5706,2.0
5707,0.0
5708,1.0
5709,2.0
5710,2.0
5711,0.0
5712,0.0
5713,0.0
5714,3.0
5715,1.0
5716,0.0
5717,0.0
5718,0.0
5719,2.0
5720,0.0
5721,1.0
5722,0.0
5723,0.0
5724,0.0
5725,0.0
5726,2.0
5727,1.0
5728,0.0
5729,0.0
5730,0.0
5731,0.0
5732,3.0
5733,2.0
5734,0.0
5735,1.0
5736,2.0
5737,1.0
5738,0.0
5739,0.0
5740,1.0
5741,1.0
5742,3.0
5743,1.0
5744,3.0
5745,1.0
5746,2.0
5747,2.0
5748,0.0
5749,3.0
5750,3.0
5751,2.0
5752,4.0
5753,3.0
5754,4.0
5755,3.0
5756,0.0
5757,2.0
5758,2.0
5759,3.0
5760,2.0
5761,0.0
5762,1.0
5763,2.0
5764,0.0
5765,3.0
5766,0.0
5767,2.0
5768,4.0
5769,0.0
5770,3.0
5771,0.0
5772,3.0
5773,0.0
5774,1.0
5775,3.0
5776,1.0
5777,2.0
5778,1.0
5779,0.0
5780,1.0
5781,3.0
5782,1.0
5783,2.0
5784,2.0
5785,0.0
5786,4.0
5787,0.0
5788,3.0
5789,1.0
5790,0.0
5791,2.0
5792,2.0
5793,4.0
5794,2.0
5795,1.0
5796,2.0
5797,4.0
5798,2.0
5799,2.0
5800,0.0
5801,2.0
5802,3.0
5803,1.0
5804,0.0
5805,3.0
5806,0.0
5807,2.0
5808,0.0
5809,2.0
5810,0.0
5811,0.0
5812,4.0
5813,4.0
5814,2.0
5815,3.0
5816,0.0
5817,1.0
5818,0.0
5819,1.0
5820,1.0
5821,4.0
5822,1.0
5823,0.0
5824,0.0
5825,1.0
5826,3.0
5827,3.0
5828,3.0
5829,3.0
5830,3.0
5831,4.0
5832,1.0
5833,0.0
5834,3.0
5835,1.0
5836,0.0
5837,0.0
5838,1.0
5839,2.0
5840,3.0
5841,0.0
5842,1.0
5843,0.0
5844,1.0
5845,2.0
5846,3.0
5847,3.0
5848,0.0
5849,2.0
5850,0.0
5851,2.0
5852,2.0
5853,2.0
5854,1.0
5855,3.0
5856,1.0
5857,1.0
5858,2.0
5859,3.0
5860,0.0
5861,2.0
5862,1.0
5863,2.0
5864,2.0
5865,0.0
5866,4.0
5867,1.0
5868,1.0
5869,2.0
5870,2.0
5871,0.0
5872,0.0
5873,1.0
5874,1.0
5875,0.0
5876,2.0
5877,0.0
5878,0.0
5879,0.0
5880,0.0
5881,3.0
5882,1.0
5883,0.0
5884,1.0
5885,2.0
5886,1.0
5887,4.0
5888,2.0
5889,1.0
5890,3.0
5891,0.0
5892,4.0
5893,2.0
5894,2.0
5895,2.0
5896,0.0
5897,1.0
5898,3.0
5899,2.0
5900,0.0
5901,0.0
5902,1.0
5903,0.0
5904,1.0
5905,2.0
5906,3.0
5907,4.0
5908,0.0
5909,0.0
5910,0.0
5911,1.0
5912,1.0
5913,3.0
5914,3.0
5915,0.0
5916,0.0
5917,2.0
5918,2.0
5919,1.0
5920,1.0
5921,0.0
5922,2.0
5923,1.0
5924,2.0
5925,3.0
5926,1.0
5927,3.0
5928,1.0
5929,1.0
5930,1.0
5931,1.0
5932,2.0
5933,3.0
5934,2.0
5935,0.0
5936,0.0
5937,1.0
5938,3.0
5939,0.0
5940,3.0
5941,2.0
5942,1.0
5943,2.0
5944,3.0
5945,0.0
5946,1.0
5947,2.0
5948,1.0
5949,2.0
5950,2.0
5951,1.0
5952,1.0
5953,0.0
5954,1.0
5955,0.0
5956,2.0
5957,0.0
5958,1.0
5959,2.0
5960,4.0
5961,0.0
5962,4.0
5963,3.0
5964,2.0
5965,0.0
5966,2.0
5967,3.0
5968,2.0
5969,2.0
5970,2.0
5971,4.0
5972,1.0
5973,1.0
5974,2.0
5975,0.0
5976,0.0
5977,4.0
5978,1.0
5979,2.0
5980,2.0
5981,0.0
5982,3.0
5983,0.0
5984,1.0
5985,3.0
5986,2.0
5987,3.0
5988,3.0
5989,1.0
5990,2.0
5991,0.0
5992,1.0
5993,1.0
5994,2.0
5995,0.0
5996,0.0
5997,1.0
5998,2.0
5999,3.0
6000,4.0
6001,0.0
6002,0.0
6003,2.0
6004,1.0
6005,2.0
6006,3.0
6007,2.0
6008,0.0
6009,4.0
6010,0.0
6011,4.0
6012,1.0
6013,0.0
6014,1.0
6015,3.0
6016,3.0
6017,2.0
6018,0.0
6019,0.0
6020,2.0
6021,4.0
6022,3.0
6023,4.0
6024,1.0
6025,0.0
6026,0.0
6027,0.0
6028,2.0
6029,2.0
6030,3.0
6031,3.0
6032,2.0
6033,2.0
6034,2.0
6035,0.0
6036,1.0
6037,1.0
6038,3.0
6039,3.0
6040,2.0
6041,2.0
6042,0.0
6043,1.0
6044,3.0
6045,0.0
6046,1.0
6047,2.0
6048,2.0
6049,1.0
6050,1.0
6051,2.0
6052,2.0
6053,0.0
6054,1.0
6055,1.0
6056,3.0
6057,2.0
6058,1.0
6059,2.0
6060,0.0
6061,3.0
6062,1.0
6063,1.0
6064,2.0
6065,1.0
6066,0.0
6067,0.0
6068,2.0
6069,2.0
6070,0.0
6071,1.0
6072,2.0
6073,0.0
6074,0.0
6075,3.0
6076,0.0
6077,2.0
6078,0.0
6079,1.0
6080,2.0
6081,1.0
6082,4.0
6083,4.0
6084,0.0
6085,2.0
6086,4.0
6087,4.0
6088,1.0
6089,4.0
6090,3.0
6091,2.0
6092,1.0
6093,0.0
6094,0.0
6095,4.0
6096,2.0
6097,3.0
6098,2.0
6099,0.0
6100,1.0
6101,0.0
6102,1.0
6103,3.0
6104,2.0
6105,0.0
6106,2.0
6107,3.0
6108,4.0
6109,2.0
6110,1.0
6111,2.0
6112,0.0
6113,2.0
6114,0.0
6115,1.0
6116,0.0
6117,4.0
6118,0.0
6119,2.0
6120,2.0
6121,4.0
6122,1.0
6123,1.0
6124,4.0
6125,1.0
6126,0.0
6127,2.0
6128,1.0
6129,0.0
6130,2.0
6131,4.0
6132,1.0
6133,2.0
6134,1.0
6135,1.0
6136,4.0
6137,2.0
6138,1.0
6139,2.0
6140,2.0
6141,0.0
6142,2.0
6143,1.0
6144,0.0
6145,0.0
6146,0.0
6147,1.0
6148,0.0
6149,0.0
6150,1.0
6151,0.0
6152,2.0
6153,0.0
6154,0.0
6155,0.0
6156,0.0
6157,1.0
6158,0.0
6159,1.0
6160,0.0
6161,1.0
6162,1.0
6163,3.0
6164,0.0
6165,1.0
6166,3.0
6167,3.0
6168,3.0
6169,1.0
6170,2.0
6171,0.0
6172,0.0
6173,2.0
6174,4.0
6175,1.0
6176,2.0
6177,0.0
6178,0.0
6179,2.0
6180,2.0
6181,0.0
6182,1.0
6183,4.0
6184,1.0
6185,2.0
6186,0.0
6187,1.0
6188,0.0
6189,2.0
6190,0.0
6191,4.0
6192,2.0
6193,1.0
6194,4.0
6195,0.0
6196,1.0
6197,0.0
6198,1.0
6199,0.0
6200,0.0
6201,1.0
6202,1.0
6203,4.0
6204,1.0
6205,0.0
6206,3.0
6207,4.0
6208,1.0
6209,1.0
6210,0.0
6211,0.0
6212,1.0
6213,2.0
6214,2.0
6215,1.0
6216,2.0
6217,0.0
6218,3.0
6219,2.0
6220,0.0
6221,0.0
6222,2.0
6223,2.0
6224,2.0
6225,0.0
6226,2.0
6227,1.0
6228,1.0
6229,0.0
6230,0.0
6231,2.0
6232,1.0
6233,1.0
6234,0.0
6235,0.0
6236,1.0
6237,0.0
6238,0.0
6239,0.0
6240,2.0
6241,0.0
6242,3.0
6243,0.0
6244,3.0
6245,3.0
6246,0.0
6247,2.0
6248,3.0
6249,0.0
6250,2.0
6251,2.0
6252,2.0
6253,3.0
6254,0.0
6255,0.0
6256,1.0
6257,2.0
6258,3.0
6259,1.0
6260,1.0
6261,2.0
6262,0.0
6263,0.0
6264,1.0
6265,3.0
6266,1.0
6267,0.0
6268,1.0
6269,2.0
6270,0.0
6271,2.0
6272,1.0
6273,1.0
6274,0.0
6275,0.0
6276,2.0
6277,4.0
6278,2.0
6279,2.0
6280,0.0
6281,1.0
6282,1.0
6283,2.0
6284,0.0
6285,2.0
6286,4.0
6287,4.0
6288,1.0
6289,0.0
6290,2.0
